EV-2026-08-09-401,"Dunya siselenmis sarap (<2 l) ortalama ihracat fiyati 2025",4.53,EUR/litre,T3,"OIV — State of the World Wine Sector in 2025 (s.18)",https://www.oiv.int/sites/default/files/2026-05/OIV-State_of_the_World_Wine_Sector_in_2025.pdf,2026-05,2025,2026-08-09,HIGH,FACT,1y,-,global-sourcing-kasifi,-,-,"Dunya ortalamasi; f/p segmenti bunun altinda. Katman L1 yakinsamasi."
EV-2026-08-09-402,"Dunya dokme sarap (>10 l) ortalama ihracat fiyati 2025",0.75,EUR/litre,T3,"OIV — State of the World Wine Sector in 2025 (s.18)",https://www.oiv.int/sites/default/files/2026-05/OIV-State_of_the_World_Wine_Sector_in_2025.pdf,2026-05,2025,2026-08-09,HIGH,FACT,1y,-,global-sourcing-kasifi,-,-,"750 ml sivi karsiligi 0.56 EUR; kuru malzeme haric."
EV-2026-08-09-403,"OIV Table 5 — baslica ihracatcilarin 2025 hacim/deger ve siselenmis payi","tablo",mhl/bn EUR/%,T3,"OIV — State of the World Wine Sector in 2025 (Table 5)",https://www.oiv.int/sites/default/files/2026-05/OIV-State_of_the_World_Wine_Sector_in_2025.pdf,2026-05,2025,2026-08-09,HIGH,FACT,1y,-,global-sourcing-kasifi,-,-,"Dikey yapi yuzdeleri tabloda 2024 basligiyla; metin bazi ulkeler icin 2025 verir."
EV-2026-08-09-404,"Ulke bazinda siselenmis sarap ortalama ihracat birim degeri 2025 (turetilmis)","IT 4.39 / ES 2.87 / FR 7.79 / CL 2.68 / AU 4.99 / PT 3.43 / ZA 2.72 / US 7.89 / AR 3.75",EUR/litre,T3,"Turetme — OIV Table 5",https://www.oiv.int/sites/default/files/2026-05/OIV-State_of_the_World_Wine_Sector_in_2025.pdf,2026-05,2025,2026-08-09,MEDIUM,ESTIMATE,1y,-,global-sourcing-kasifi,-,-,"ULKE ORTALAMASI; f/p segmenti altinda. Katman L1."
EV-2026-08-09-405,"Turkiye 2025 HS 220421 ithalatinda mense bazli CIF birim degerleri","ES 2.71 / MD 2.46 / GE 2.57 / CL 2.89 / PT 3.20 / IT 3.65 / BG 3.89 / FR 6.27",USD/litre (CIF),T3,"UN Comtrade (raportor Turkiye)","https://comtradeapi.un.org/public/v1/preview/C/A/HS?reporterCode=792&period=2025&cmdCode=220421&flowCode=M&customsCode=C00&motCode=0",2026,2025,2026-08-09,MEDIUM,FACT,180d,-,global-sourcing-kasifi,-,-,"KATMAN L2. Gumruk kiymeti tartismasi degildir."
EV-2026-08-09-406,"Turkiye 2024 HS 220421 ithalatinda mense bazli CIF birim degerleri","toplam 17619494 l / 66421236 USD / ort 3.77",USD/litre (CIF),T3,"UN Comtrade (raportor Turkiye)","https://comtradeapi.un.org/public/v1/preview/C/A/HS?reporterCode=792&period=2024&cmdCode=220421&flowCode=M&customsCode=C00&motCode=0",2025,2024,2026-08-09,MEDIUM,FACT,180d,-,global-sourcing-kasifi,-,-,"Yil bazinda mense oynakligi yuksek (Yunanistan -%97, Bulgaristan sifirdan 1.38 m l)."
EV-2026-08-09-407,"Turkiye 2025'te HS 220429 (dokme sarap) ithalati pratikte sifir",628,litre,T3,"UN Comtrade (raportor Turkiye)","https://comtradeapi.un.org/public/v1/preview/C/A/HS?reporterCode=792&period=2025&cmdCode=220429&flowCode=M&customsCode=C00&motCode=0",2026,2025,2026-08-09,MEDIUM,FACT,180d,-,global-sourcing-kasifi,-,-,"Bulk hipotezi icin sinyal. Nedeni bu ajanin alani degildir."
EV-2026-08-09-408,"Interbrosa (ES) private label MOQ = 4 palet / ~3000 sise per sarap",3000,sise,T4,"Interbrosa Family Wines — Private Brands",https://www.interbrosa.com/private-brands/,UNKNOWN,UNKNOWN,2026-08-09,MEDIUM,FACT,90d,-,global-sourcing-kasifi,-,C-401,"quote_type INDICATIVE. Pilot hacmi (5000 sise) ile uyumlu."
EV-2026-08-09-409,"Vina Maria (ES) private label MOQ = 1 x 20 ft karisik konteyner (2 SKU)","1 x 20ft mixed",konteyner,T4,"Vina Maria — Private Label OEM Wine",https://www.vinamaria.es/private-label-oem-wine,UNKNOWN,UNKNOWN,2026-08-09,MEDIUM,FACT,90d,-,global-sourcing-kasifi,-,C-401,"quote_type INDICATIVE. Yillik uretim 15 m sise+. Fiyat listesi mevcut oldugu beyan ediliyor."
EV-2026-08-09-410,"The Wine Factory (FR) private label MOQ 3600 sise, lead time 4-6 hafta","3600 sise / 4-6 hafta",sise; hafta,T4,"The Wine Factory SARL, Gornac & Valros",https://www.twf-wines.com/,UNKNOWN,UNKNOWN,2026-08-09,MEDIUM,FACT,90d,-,global-sourcing-kasifi,-,C-401,"quote_type INDICATIVE. 'Odeme sonrasi' ifadesi pesin odeme ipucu; teyit edilmedi."
EV-2026-08-09-411,"FMS Wine Marketing (ZA) private label anahtar teslim ~4 hafta","~4",hafta,T4,"FMS Wine Marketing — Private Label & Bulk Wine",https://fms-wine-marketing.co.za/private-label-bulk-wine/,UNKNOWN,UNKNOWN,2026-08-09,LOW,FACT,90d,-,global-sourcing-kasifi,-,-,"MOQ UNKNOWN. Uretici degil pazarlama/aracilik firmasi — ek marj katmani riski."
EV-2026-08-09-412,"Origin Wine (ZA/UK) bespoke brands hizmeti; 100+ m litre/yil","100+",milyon litre/yil,T4,"Origin Wine kurumsal sitesi",https://origin.wine/,UNKNOWN,UNKNOWN,2026-08-09,MEDIUM,FACT,90d,-,global-sourcing-kasifi,-,-,"MOQ UNKNOWN. Coklu mense (ZA/AR/CH) — tedarikci bagimliligi riskini azaltabilir. Turkiye pazar listesinde yok."
EV-2026-08-09-413,"Kingston Estate (AU) Avustralya'nin en buyuk private brand ureticisi iddiasi; 50+ m litre/yil","50+",milyon litre/yil,T4,"Kingston Estate Wines — Bulk Wine / Private Label",https://www.kingstonestatewines.com/bulk-wine/,UNKNOWN,UNKNOWN,2026-08-09,MEDIUM,FACT,90d,-,global-sourcing-kasifi,-,-,"BULK odakli; siselenmis bitmis urun MOQ'su UNKNOWN. Haftada 50-70 x 24000 L flexitank."
EV-2026-08-09-414,"Scheid Family Wines (California) full-service private label programi","VAR",-,T4,"Scheid Family Wines — Private Label Brands",https://scheidfamilywines.com/pages/private-label-brands,UNKNOWN,UNKNOWN,2026-08-09,MEDIUM,FACT,90d,-,global-sourcing-kasifi,-,-,"MOQ/fiyat/lead time UNKNOWN. Benchmark mensei (California) ile Model B eslesme adayi."
EV-2026-08-09-415,"Antawara Vineyards (CL) ithalatci private label uzmani; 12+ ulke","12+",ulke,T4,"Antawara Vineyards — Private Labels & OEM",https://antawara-wines.cl/private-labels/,UNKNOWN,UNKNOWN,2026-08-09,MEDIUM,FACT,90d,-,global-sourcing-kasifi,-,-,"MOQ 'convenient' denip sayi verilmemis = UNKNOWN. 5 kalite kademesi; hedef Entry/Varietal."
EV-2026-08-09-416,"Corta Hojas (CL) private label sise + BIB + dokme; %100 ihracat odakli","%100 ihracat",-,T4,"Corta Hojas Export Wine — Private Label Wines",https://www.cortahojas.com/private-labels-wines.php,UNKNOWN,UNKNOWN,2026-08-09,MEDIUM,FACT,90d,-,global-sourcing-kasifi,-,-,"MOQ ve fiyat UNKNOWN. Sili-Turkiye hatti fiilen calisiyor (bkz EV-405)."
EV-2026-08-09-417,"Vinicola Vedovato (IT) private label; EXW/FOB/CIF/DAP ile calisiyor","EXW, FOB, CIF, DAP",Incoterm,T4,"Vinicola Vedovato Mario SRL",https://www.vinicolavedovato.com/en/how-to-start-a-private-label-wine-business/,UNKNOWN,UNKNOWN,2026-08-09,MEDIUM,FACT,90d,-,global-sourcing-kasifi,-,-,"Incoterm listesi iletisim formundan okundu; fiili uygulama degil muzakere edilebilirlik gosterir."
EV-2026-08-09-418,"Casa Santos Lima (PT) ~%90 ihracat, ~50 ulke, fiyat-kalite odakli coklu marka","~50 ulke / ~%90",ulke; %,T4,"Casa Santos Lima kurumsal sitesi",https://www.casasantoslima.com/en/,UNKNOWN,UNKNOWN,2026-08-09,MEDIUM,FACT,90d,-,global-sourcing-kasifi,-,-,"Private label sitede anilmiyor = UNKNOWN. Oncelikle MODEL A adayi."
EV-2026-08-09-419,"Moldova siselenmis sakin sarap ortalama ihracat fiyati 8A2025 = 1.98 USD/sise",1.98,USD/sise,T4,"Wine Intelligence / VinoVistara (kaynak ONVV / Wine of Moldova)",https://wine-intelligence.com/blogs/wine-analytics-pricing-report-data/moldova-s-wine-exports-in-the-first-8-months-of-2025-mixed-signals-in-a-transforming-market,2025-09-18,2025-01/2025-08,2026-08-09,MEDIUM,FACT,180d,-,global-sourcing-kasifi,-,-,"Sise hacmi 750 ml VARSAYILDI ama kaynakta yazmiyor. Katman L1 yakinsamasi."
EV-2026-08-09-420,"Wine Australia — sarap ihracatinda odeme yontemleri ve yeni iliskide open account riski","advance / L-C / documentary collection / open account / consignment",odeme yontemi,T3,"Wine Australia — Export Ready Hub",https://www.wineaustralia.com/selling/export-ready-hub/which-export-payment-method-is-best-for-your-business,UNKNOWN,-,2026-08-09,MEDIUM,FACT,1y,-,global-sourcing-kasifi,-,-,"Sektor rehberi; tedarikci teklifi degil. KKDF etkisi gumruk-vergi-uzmani alani (T-404)."
EV-2026-08-09-421,"f/p segmenti 750 ml FOB gosterge bandi — kanitla sinirlandirilmis","alt sinir 0.56 EUR (sivi) / ust sinir 1.85-2.40 USD (CIF tavani)",EUR ve USD / 750 ml,T3,"Turetme — EV-402 + EV-405 + EV-419",-,-,2025,2026-08-09,LOW,ESTIMATE,90d,-,global-sourcing-kasifi,-,-,"TEKLIF DEGILDIR. Kur donusumu YAPILMADI. Tek fiyat girdisi olarak kullanilamaz."
EV-2026-08-09-422,"Benchmark 'Gold Country' ureticisi/sisleyicisi dogrulanamadi",UNKNOWN,-,T5,"Web aramasi (Vivino / Wine-Searcher / perakendeciler)",https://www.wine-searcher.com/find/gold+country+cab+sauv+california+usa,-,-,2026-08-09,LOW,UNKNOWN,90d,-,global-sourcing-kasifi,-,-,"Mense tanimi kaynaklar arasi celiskili (Sierra Foothills vs Central Valley) — C-403."
EV-2026-08-09-423,"Komsu benchmark 'Central Creek' (AU) ureticisi bulunamadi",UNKNOWN,-,T5,"Web aramasi",-,-,-,2026-08-09,LOW,UNKNOWN,90d,-,global-sourcing-kasifi,-,-,"Ozel marka (private label) hipotezi; iddia degildir. T-405 ile turkiye-pazar-kasifi'na devredildi."
EV-2026-08-09-424,"Agregator iddiasi: private label tipik MOQ 300-1200 sise",300-1200,sise,T5,"usetorg.com — Private Label Wine",https://usetorg.com/blog/private-label-wine,UNKNOWN,-,2026-08-09,LOW,CONFLICT,90d,-,global-sourcing-kasifi,-,C-401,"Dogrulanmis uretici beyanlariyla celisiyor (3000 / 3600 / 1x20ft)."
EV-2026-08-09-425,"2025 dunya sarap uretimi 227 mhl, tuketimi 208 mhl","uretim 227 / tuketim 208",mhl,T3,"OIV — State of the World Wine Sector in 2025",https://www.oiv.int/sites/default/files/2026-05/OIV-State_of_the_World_Wine_Sector_in_2025.pdf,2026-05,2025,2026-08-09,HIGH,FACT,1y,-,global-sourcing-kasifi,-,-,"Alici lehine muzakere ortami sinyali; 'distilasyon krizi firsati' degildir."
EV-2026-08-09-426,"Turkiye 2025 toplam HS 220421 ithalati 17.85 m litre / 66.88 m USD CIF","17848518 l / 66876002 USD",litre; USD (CIF),T3,"UN Comtrade (raportor Turkiye)","https://comtradeapi.un.org/public/v1/preview/C/A/HS?reporterCode=792&period=2025&cmdCode=220421&flowCode=M&customsCode=C00&motCode=0",2026,2025,2026-08-09,MEDIUM,FACT,180d,-,global-sourcing-kasifi,-,-,"CAPRAZ IPUCU: pazar yorumu turkiye-pazar-kasifi alani. Sourcing cikarimi: ithalat hatti calisiyor."
EV-2026-08-09-427,"Ispanya 2025 ortalama sarap ihracat fiyati 1.29 EUR/l, dokme 0.79 EUR/l","1.29 / 0.79",EUR/litre,T5,"Ispanyol sektor basini (birincil kaynak OEMV olarak gosteriliyor)",https://www.oemv.es/exportaciones,2026,2025,2026-08-09,LOW,ESTIMATE,180d,-,global-sourcing-kasifi,-,-,"BIRINCIL KAYNAK OKUNMADI. Modele giremez; yalnizca EV-402 ile tutarlilik kontrolu."
EV-2026-08-09-428,"Les Grands Chais de France — 178 ulke, ~44 m koli (2021), private label uretimi","178 ulke / ~44 m koli",ulke; 9L koli,T5,"Sektor basini (the-buyer, ibwsshow, wein.plus)",https://ibwsshow.com/en/blog/exhibitor-profiles-67/groupe-granda-chais-de-france-a-group-where-difference-counts-213.htm,UNKNOWN,-,2026-08-09,LOW,ESTIMATE,180d,-,global-sourcing-kasifi,-,-,"Kurumsal site groupegcf.com 2026-08-09'da HTTP 503 — DOGRULANAMADI, havuza alinmadi."
