EV-2026-08-09-201,Piyasaya arz edilecek alkollu icki ithalatinda firmalar Kuruma (Tarim ve Orman Bakanligi/TADAB) 'alkollu icki bildirimi' yapmak zorundadir; alkollu ickide 'ithalata uygunluk belgesi' degil BILDIRIM rejimi uygulanir.,alkollu icki bildirimi zorunlu,-,T1,Resmi Gazete 6/6/2003-25130 | Alkol ve Alkollu Ickilerin Ic ve Dis Ticaretine Iliskin Usul ve Esaslar Hakkinda Yonetmelik (TADAB konsolide metin),https://www.tarimorman.gov.tr/TADAB/Belgeler/Alkoll%C3%BC%20%C4%B0%C3%A7kiler/%C4%B0lgili%20Mevzuat%20D%C3%BCzenlemeleri/7.5.6203-yonetmelik.pdf,2003-06-06,2008-02-22,2026-08-09,HIGH,FACT,180d,10-evidence/raw/snapshots/EV-2026-08-09-2xx_ticaret-yonetmeligi-7.5.6203.pdf,mevzuat-ruhsat-uzmani,-,-,Madde 5 ikinci fikra (Ek: RG-22/2/2008-26795). Ek-1B'de yer alan alkollu ickiler icin. Etil alkol/metanol icin ise ithalata uygunluk belgesi gerekir (Madde 5/1) - sarap icin gecerli degil.
EV-2026-08-09-202,"Alkollu icki bildirimi, ihracatci ulkede cikis islemleri TAMAMLANMADAN ONCE Kuruma intikal ettirilmelidir; bildirim marka bazinda duzenlenir.",cikis oncesi bildirim,-,T1,Resmi Gazete 6/6/2003-25130 | Alkol ve Alkollu Ickilerin Ic ve Dis Ticaretine Iliskin Usul ve Esaslar Hakkinda Yonetmelik (TADAB konsolide metin),https://www.tarimorman.gov.tr/TADAB/Belgeler/Alkoll%C3%BC%20%C4%B0%C3%A7kiler/%C4%B0lgili%20Mevzuat%20D%C3%BCzenlemeleri/7.5.6203-yonetmelik.pdf,2003-06-06,2008-02-22,2026-08-09,HIGH,FACT,180d,10-evidence/raw/snapshots/EV-2026-08-09-2xx_ticaret-yonetmeligi-7.5.6203.pdf,mevzuat-ruhsat-uzmani,-,-,Madde 6 birinci fikra. Belgeler dilekce giris kaydini takip eden en gec 15 gun icinde teslim edilir (Madde 6). Takvim acisindan kritik: yukleme oncesi adim.
EV-2026-08-09-203,"Dagitim yetki belgesi olmadan alkollu icki ITHALATI YAPILAMAZ; belge gecerlilik suresi iki yildir; basvuruda hesaplanan bedelin dortte biri, bakiyesi belge verilirken tahsil edilir.",2,yil,T1,Resmi Gazete 6/6/2003-25130 | Alkol ve Alkollu Ickilerin Ic ve Dis Ticaretine Iliskin Usul ve Esaslar Hakkinda Yonetmelik (TADAB konsolide metin),https://www.tarimorman.gov.tr/TADAB/Belgeler/Alkoll%C3%BC%20%C4%B0%C3%A7kiler/%C4%B0lgili%20Mevzuat%20D%C3%BCzenlemeleri/7.5.6203-yonetmelik.pdf,2003-06-06,2015-12-31,2026-08-09,HIGH,FACT,180d,10-evidence/raw/snapshots/EV-2026-08-09-2xx_ticaret-yonetmeligi-7.5.6203.pdf,mevzuat-ruhsat-uzmani,-,-,Madde 12 birinci fikra (Degisik: RG-31/12/2015-29579). Yenileme basvurusu sure bitiminden 30 gun once yapilir. Sure icinde yenilemeyenler icin 3 ay icinde basvuruda bedel IKI KAT tahsil edilir (Ek fikra RG-2/2/2023-32092).
EV-2026-08-09-204,Dagitim yetki belgesi basvurusu icin (a) alkollu icki ithalatcilarinda alkollu icki bildirimi ve (b) tanimlanan ozelliklere uygun DEPO ve NAKIL ARACI olduguna dair faaliyet dosyasi zorunludur.,depo + nakil araci + bildirim,-,T1,Resmi Gazete 6/6/2003-25130 | Alkol ve Alkollu Ickilerin Ic ve Dis Ticaretine Iliskin Usul ve Esaslar Hakkinda Yonetmelik (TADAB konsolide metin),https://www.tarimorman.gov.tr/TADAB/Belgeler/Alkoll%C3%BC%20%C4%B0%C3%A7kiler/%C4%B0lgili%20Mevzuat%20D%C3%BCzenlemeleri/7.5.6203-yonetmelik.pdf,2003-06-06,2008-02-22,2026-08-09,HIGH,FACT,180d,10-evidence/raw/snapshots/EV-2026-08-09-2xx_ticaret-yonetmeligi-7.5.6203.pdf,mevzuat-ruhsat-uzmani,-,-,"Madde 10. Depo: sadece bu ise ayrilmis veya diger gida urunlerinden tefrik edilmis, guvenligi saglanmis, marka bazinda siniflandirma ve sayima imkan verecek boyutta, UZERINDE KURUMUN YETKI BELGESINI TASIYAN depo. Kendi deposu yerine 'akde baglanmis dagitim agi kullanicisi' olmak da kabul ediliyor - 3PL modeline acik kapi."
EV-2026-08-09-205,"Alkollu icki ithalatcisi olacak tuzel kisiden istenen firma belgeleri: Turkiye Ticaret Sicili Gazetesinde yayimlanmis ana sozlesme, en yuksek karar organi baskan ve uyeleri icin adli sicil belgesi, muaccel vergi ve prim borcu bulunmadigina iliskin belge. Mevzuatta ASGARI SERMAYE sarti bulunamadi.",asgari sermaye sarti YOK (mevzuatta bulunamadi),-,T1,Resmi Gazete 6/6/2003-25130 | Alkol ve Alkollu Ickilerin Ic ve Dis Ticaretine Iliskin Usul ve Esaslar Hakkinda Yonetmelik (TADAB konsolide metin),https://www.tarimorman.gov.tr/TADAB/Belgeler/Alkoll%C3%BC%20%C4%B0%C3%A7kiler/%C4%B0lgili%20Mevzuat%20D%C3%BCzenlemeleri/7.5.6203-yonetmelik.pdf,2003-06-06,2021-04-25,2026-08-09,MEDIUM,FACT,180d,10-evidence/raw/snapshots/EV-2026-08-09-2xx_ticaret-yonetmeligi-7.5.6203.pdf,mevzuat-ruhsat-uzmani,-,-,Madde 6(a). Ana sozlesme sarti RG-25/4/2021-31465 ile guncellendi. Genel TTK asgari sermaye tutarlari alkol mevzuatinin disindadir ve bu kartin kapsaminda DEGILDIR.
EV-2026-08-09-206,"2026 yili dagitim yetki belgesi MAKTU bedeli; sarap, kopuren sarap (2204.10) ve aromatize sarap icin 20.000 litre veya daha az faaliyet hacminde en az 68.375 TL, 20.000 litreden fazla faaliyet hacminde en az 170.908 TL'dir.",68375 | 170908,TRY,T1,Resmi Gazete 30/12/2025-33123 | Teblig No 2025/39 (Tarim ve Orman Bakanligi),https://www.tarimorman.gov.tr/TADAB/Belgeler/Tebli%C4%9Fler/TEBLIG%20NO%202025-39.pdf,2025-12-30,2026-01-01,2026-08-09,HIGH,FACT,180d,10-evidence/raw/snapshots/EV-2026-08-09-2xx_teblig-2025-39-bedeller.pdf,mevzuat-ruhsat-uzmani,-,-,Teblig 2025/39 Madde 1(b). Esik: yillik faaliyet hacmi 20.000 litre (=26.667 adet 750 ml sise).
EV-2026-08-09-207,"2026 yili dagitim yetki belgesi bedeli; sarap/kopuren sarap (2204.10)/aromatize sarap icin faaliyet hacmi uzerinden beher bin litre basina 427,15 TL'dir.",427.15,TRY/1000 litre,T1,Resmi Gazete 30/12/2025-33123 | Teblig No 2025/39 (Tarim ve Orman Bakanligi),https://www.tarimorman.gov.tr/TADAB/Belgeler/Tebli%C4%9Fler/TEBLIG%20NO%202025-39.pdf,2025-12-30,2026-01-01,2026-08-09,HIGH,FACT,180d,10-evidence/raw/snapshots/EV-2026-08-09-2xx_teblig-2025-39-bedeller.pdf,mevzuat-ruhsat-uzmani,-,-,Teblig 2025/39 Madde 1(c). Maktu bedel ile hacim bedelinin nasil birlestigi ('en az' ifadesi) yorum gerektirir - bkz. EV-2026-08-09-215 (ESTIMATE) ve T-202.
EV-2026-08-09-208,2026 yili dagitim yetki belgesi YENILEME bedeli kategori ve alt kategori bazinda ayri ayri 46.970 TL'dir.,46970,TRY,T1,Resmi Gazete 30/12/2025-33123 | Teblig No 2025/39 (Tarim ve Orman Bakanligi),https://www.tarimorman.gov.tr/TADAB/Belgeler/Tebli%C4%9Fler/TEBLIG%20NO%202025-39.pdf,2025-12-30,2026-01-01,2026-08-09,HIGH,FACT,180d,10-evidence/raw/snapshots/EV-2026-08-09-2xx_teblig-2025-39-bedeller.pdf,mevzuat-ruhsat-uzmani,-,-,Teblig 2025/39 Madde 1(c). Yenileme 2 yilda bir (belge suresi 2 yil).
EV-2026-08-09-209,"2026 yili HIZMET BEDELI; sarap, kopuren sarap (2204.10) ve aromatize sarap icin aylik satis raporuna gore beher bin litre basina 211,60 TL'dir.",211.60,TRY/1000 litre,T1,Resmi Gazete 30/12/2025-33123 | Teblig No 2025/39 (Tarim ve Orman Bakanligi),https://www.tarimorman.gov.tr/TADAB/Belgeler/Tebli%C4%9Fler/TEBLIG%20NO%202025-39.pdf,2025-12-30,2026-01-01,2026-08-09,HIGH,FACT,180d,10-evidence/raw/snapshots/EV-2026-08-09-2xx_teblig-2025-39-bedeller.pdf,mevzuat-ruhsat-uzmani,-,-,"Teblig 2025/39 Madde 1(a). Satilan hacim uzerinden surekli/degisken maliyet kalemi. 750 ml sise basina 0,1587 TL karsilik gelir (turetme: 211,60/1000*0,75)."
EV-2026-08-09-210,"Alkollu icki uretici ve ithalatcilari, tutun mamulu ve alkollu icki toptan saticilarina ayri bir toptan satis belgesi almadan satis yapabilir; ancak DOGRUDAN perakende saticilara ve/veya acik alkollu icki saticilarina satis yapmak isterlerse TOPTAN SATIS BELGESI almalari zorunludur. Urunlerin satisa sunuldugu her yer ve muhafaza edildigi her depo icin AYRI satis belgesi alinir.",toptan satis belgesi zorunlu (dogrudan perakende/HoReCa satisinda),-,T1,Resmi Gazete 7/1/2011-27808 | Tutun Mamulleri ve Alkollu Ickilerin Satisina ve Sunumuna Iliskin Usul ve Esaslar Hakkinda Yonetmelik (konsolide metin aynasi),https://www.gumruk.com.tr/files/tutun_mamulleri_ve_alkollu_ickilerin_satisina_ve_sunumuna_iliskin_usul_ve_esaslar_hakkinda_yonetmelik.htm,2011-01-07,2011-01-07,2026-08-09,HIGH,FACT,180d,10-evidence/raw/snapshots/EV-2026-08-09-2xx_satis-sunum-yonetmeligi.html,mevzuat-ruhsat-uzmani,-,-,Madde 7 birinci fikra (a) ve (b) bentleri. Kanal onceligi 'chain retail' oldugundan bu belge bu proje icin FIILEN ZORUNLUDUR. Her depo icin ayri belge => coklu depo modelinde bedel katlanir.
EV-2026-08-09-211,"2026 yili toptan satis belgesi bedeli 82.464,00 TL'dir (perakende satis belgesi il merkezi 4.240 TL, acik icki satis belgesi il merkezi 17.704 TL).",82464,TRY,T1,Resmi Gazete 30/12/2025-33123 | Teblig No 2025/35 (Tarim ve Orman Bakanligi),https://www.tarimorman.gov.tr/TADAB/Belgeler/Tebli%C4%9Fler/TEBLIG%20NO%202025-35.pdf,2025-12-30,2026-01-01,2026-08-09,HIGH,FACT,180d,10-evidence/raw/snapshots/EV-2026-08-09-2xx_teblig-2025-35-satis-belgesi.pdf,mevzuat-ruhsat-uzmani,-,-,Teblig 2025/35 Madde 1(a). Ayni teblig 'satis belgesi ve SURE UZATIM islemi bedelleri' der; satis belgeleri yillik sure uzatimina tabidir => yillik tekrarlayan maliyet.
EV-2026-08-09-212,Ithal edilecek alkollu ickilere bandrol uygulanmasi zorunludur ve ithal urunlerde bandrol ANTREPODA her bir sisenin kapagi/kapusonu uzerine uygulanir; UIS disinda alkollu icki ithalati yapilamaz.,ANTREPO,-,T1,"Resmi Gazete 11/9/2020-31241 | Tutun Mamulleri, Makaron, Yaprak Sigara Kagidi ve Alkollu Ickilerde Urun Izleme Sistemi Uygulama Genel Tebligi (Hazine ve Maliye Bakanligi)",https://www.tarimorman.gov.tr/TADAB/Belgeler/Alkoll%C3%BC%20%C4%B0%C3%A7kiler/%C4%B0lgili%20Mevzuat%20D%C3%BCzenlemeleri/bandrollu_urun_izleme_teblig.pdf,2020-09-11,2020-09-11,2026-08-09,HIGH,FACT,180d,10-evidence/raw/snapshots/EV-2026-08-09-2xx_uis-genel-teblig.pdf,mevzuat-ruhsat-uzmani,-,-,Teblig bolum 3.1(g) ve 3.5.3(iii). Not: 3.1(g) 'yurt disi uretim mahalli veya antrepoda' der; 3.5.3(iii) alkollu ickiler icin ozel olarak 'ithal edilmesi halinde ANTREPODA' der. Yani sarapta bandrol Turkiye'de antrepoda uygulanir; mensede uygulama alkollu ickide ongorulmemistir.
EV-2026-08-09-213,"2026 yili 'Ithal Edilecek Fici Ambalajli Bira Dahil Alkollu Icki Urunlerine Uygulanacak Bandrol' birim fiyati 1.000 adet icin 2.360,73 TL'dir (%20 KDV haric).",2360.73,TRY/1000 adet,T2,"Hazine ve Maliye Bakanligi / Darphane ve Damga Matbaasi Genel Mudurlugu - BUIS Bandrol, Kod ve Kodlanmis Etiket 2026 Yili Fiyat Listesi",https://ms.hmb.gov.tr/uploads/sites/7/2026/02/2026-Yili-Bandrol-Fiyat-Listesi03022026-85067e294f923911.pdf,2026-02-03,2026-01-01,2026-08-09,HIGH,FACT,180d,10-evidence/raw/snapshots/EV-2026-08-09-2xx_darphane-bandrol-2026-fiyat.pdf,mevzuat-ruhsat-uzmani,-,-,"Liste sira no 5. Sise basina 2,36073 TL (KDV haric). Birim fiyatlar her yil 1 Ocak'tan gecerli olmak uzere bir onceki yil Yi-UFE oraninda artirilir (UIS Tebligi 3.5.2) => enflasyona endeksli."
EV-2026-08-09-214,"Bandrol/kodlanmis etiket, GIB veya TADAB onayini muteakiben bedelin Darphane hesabina yatirilmasindan itibaren 15 gun icerisinde teslim edilir; alkollu icki ithalatcilarinin bandrol taleplerinde TADAB'dan uygunluk onayi arani ve vadesi gecmis vergi borcu bulunmamasi sarttir.",15,gun,T1,"Resmi Gazete 11/9/2020-31241 | Tutun Mamulleri, Makaron, Yaprak Sigara Kagidi ve Alkollu Ickilerde Urun Izleme Sistemi Uygulama Genel Tebligi (Hazine ve Maliye Bakanligi)",https://www.tarimorman.gov.tr/TADAB/Belgeler/Alkoll%C3%BC%20%C4%B0%C3%A7kiler/%C4%B0lgili%20Mevzuat%20D%C3%BCzenlemeleri/bandrollu_urun_izleme_teblig.pdf,2020-09-11,2020-09-11,2026-08-09,HIGH,FACT,180d,10-evidence/raw/snapshots/EV-2026-08-09-2xx_uis-genel-teblig.pdf,mevzuat-ruhsat-uzmani,-,-,"Teblig 3.5.1 (teslim suresi), 3.3.1(a) (vadesi gecmis borc sarti), 3.3.2 (TADAB uygunluk onayi). 15 gun SADECE odeme sonrasi teslim suresidir; TADAB onay suresi mevzuatta belirtilmemistir (UNKNOWN)."
EV-2026-08-09-215,"Ithal edilecek alkollu ickiler piyasaya arz edilmeden once TADAB'dan URUN ONAYI alinmasi zorunludur; ithalatta once Gida ve Kontrol Genel Mudurlugunden 'Bitkisel Gida ve Yemin Urun Bildirim Formu' onayi alinir, ardindan Sevkiyat Bildirim Formu onayindan ONCE Online Hizmetler Portali uzerinden urun onayina basvurulur. Onay alinmayan urunler icin bandrol basvurusunda bulunulamaz.",urun onayi zorunlu; sira: GGBS urun bildirimi -> Portal urun onayi -> bandrol,-,T2,TADAB - Alkollu Icki Urun Onayi ve Guncelleme Islemlerine Iliskin Duyuru,https://www.tarimorman.gov.tr/TADAB/Duyuru/277/Alkollu-Icki-Urun-Onayi-Ve-Guncelleme-Islemlerine-Iliskin-Duyuru,2025-04-11,2025-04-11,2026-08-09,HIGH,FACT,180d,10-evidence/raw/snapshots/EV-2026-08-09-2xx_tadab-duyuru-277-urun-onayi.html,mevzuat-ruhsat-uzmani,-,-,"TADAB duyurusu 11.04.2025 (30/12/2024 tarihli duyuruyu yururlukten kaldirdi). Dayanak: 4733 s.K. m.8/5(c), Ticaret Yonetmeligi m.6 ve m.15."
EV-2026-08-09-216,Urun onayi ve guncelleme basvurulari 15 IS GUNU icerisinde incelenerek karara baglanir; eksik bilgi/belge halinde firmaya 15 gun sure verilir ve tamamlanan basvurular yeniden 15 is gununde sonuclandirilir.,15,is gunu,T2,TADAB - Alkollu Icki Urun Onayi ve Guncelleme Islemlerine Iliskin Duyuru,https://www.tarimorman.gov.tr/TADAB/Duyuru/277/Alkollu-Icki-Urun-Onayi-Ve-Guncelleme-Islemlerine-Iliskin-Duyuru,2025-04-11,2025-04-11,2026-08-09,HIGH,FACT,180d,10-evidence/raw/snapshots/EV-2026-08-09-2xx_tadab-duyuru-277-urun-onayi.html,mevzuat-ruhsat-uzmani,-,-,TADAB duyurusu bolum C. Eksik dosya senaryosunda toplam sure ~15 is gunu + 15 gun + 15 is gunu'ne cikabilir.
EV-2026-08-09-217,Saraplarda URUN YILI (vintage) degisikligi yeni urun basvurusu ya da guncelleme kapsaminda degerlendirilmez; basvuru yapilmasina gerek olmaksizin etiket uzerinde urun yili degistirilebilir.,vintage degisikligi yeni onay gerektirmez,-,T2,TADAB - Alkollu Icki Urun Onayi ve Guncelleme Islemlerine Iliskin Duyuru,https://www.tarimorman.gov.tr/TADAB/Duyuru/277/Alkollu-Icki-Urun-Onayi-Ve-Guncelleme-Islemlerine-Iliskin-Duyuru,2025-04-11,2025-04-11,2026-08-09,HIGH,FACT,180d,10-evidence/raw/snapshots/EV-2026-08-09-2xx_tadab-duyuru-277-urun-onayi.html,mevzuat-ruhsat-uzmani,-,-,Maliyet acisindan onemli: her hasat yili icin SKU onayi tekrarlanmiyor. Ancak alkol derecesi degisirse durum farklidir (portalda tek ID calismasi devam ediyor).
EV-2026-08-09-218,"Basvuru yapilan urun markasi daha once baska bir gercek/tuzel kisi tarafindan Turk Patent ve Marka Kurumundan 34 ve alti nice gruplarinda tescil edilmisse ve tescil gecerliyse, o marka icin URUN ONAYI VERILMEZ.",marka cakismasi urun onayini bloke eder,-,T2,TADAB - Alkollu Icki Urun Onayi ve Guncelleme Islemlerine Iliskin Duyuru,https://www.tarimorman.gov.tr/TADAB/Duyuru/277/Alkollu-Icki-Urun-Onayi-Ve-Guncelleme-Islemlerine-Iliskin-Duyuru,2025-04-11,2025-04-11,2026-08-09,HIGH,FACT,180d,10-evidence/raw/snapshots/EV-2026-08-09-2xx_tadab-duyuru-277-urun-onayi.html,mevzuat-ruhsat-uzmani,-,-,Private label senaryosu icin dogrudan bloke edici sart. Mevcut marka distribuorlugunde de mense marka Turkiye'de baskasi adina tescilliyse onay alinamaz.
EV-2026-08-09-219,"Ithal alkollu ickinin bildirim/urun onayi dosyasinda, Turk Gida Kodeksi ve ilgili mevzuat uyarinca Turkce etikette bulunmasi gereken bilgilere EK OLARAK urunun Turkce kategorisi, temel girdileri/karakteristik ozellikleri ve uretildigi ulke (farkli ulkede ambalajlandiysa ambalajlama ulkesi) bilgilerinin yer aldigi TURKCE ETIKET ORNEGI zorunludur.",Turkce etiket zorunlu,-,T1,Resmi Gazete 6/6/2003-25130 | Alkol ve Alkollu Ickilerin Ic ve Dis Ticaretine Iliskin Usul ve Esaslar Hakkinda Yonetmelik (TADAB konsolide metin),https://www.tarimorman.gov.tr/TADAB/Belgeler/Alkoll%C3%BC%20%C4%B0%C3%A7kiler/%C4%B0lgili%20Mevzuat%20D%C3%BCzenlemeleri/7.5.6203-yonetmelik.pdf,2003-06-06,2008-02-22,2026-08-09,HIGH,FACT,180d,10-evidence/raw/snapshots/EV-2026-08-09-2xx_ticaret-yonetmeligi-7.5.6203.pdf,mevzuat-ruhsat-uzmani,-,-,Madde 6(d)(4). Ayrica TADAB urun onayi dosyasinda orijinal etiket + Turkce etiket + boyunluk fotograflari ve yabanci dildeki tum unsurlarin Turkce cevirisi isteniyor (EV-2026-08-09-215).
EV-2026-08-09-220,"Piyasaya arzina izin verilen alkollu ickilerin tabani haric ic ve dis ambalajlarinda UC adet grafik uyari mesaji ve BIR adet yazili uyari mesaji birlikte kullanilir; 70-100 cl ambalajda uyari mesaji toplam alani en az 18,0 cm2 ve yazi karakteri en az 10 puntodur. Uyari mesaji tasimayan alkollu ickiler ic piyasaya arz edilemez ve satilamaz.",18.0,cm2 (70-100 cl ambalaj),T1,"Resmi Gazete 11/8/2013-28732 | Alkollu Icki Ambalajlari Uzerine Konulacak Uyari Mesajlariyla Ilgili Teblig (konsolide metin aynasi, son guncelleme 17/1/2014)",https://www.gumruk.com.tr/files/alkollu_icki_ambalajlari_uzerine_konulacak_uyari_mesajlariyla_ilgili_teblig.htm,2013-08-11,2013-08-11,2026-08-09,HIGH,FACT,365d,10-evidence/raw/snapshots/EV-2026-08-09-2xx_uyari-mesajlari-teblig-2013.html,mevzuat-ruhsat-uzmani,-,-,"Madde 2 ve 3. Yazi: Helvetica, normal, beyaz uzerine siyah; bayrak kirmizisi 1-2 mm cerceve. Bandrol/pul uzerine yazilamaz. 750 ml sise icin etiket tasariminda ~18 cm2 zorunlu alan ayirmak gerekir. Yazili uyari mesajinin BIREBIR METNI Ek-1 gorselinde olup metin olarak dogrulanamadi (UNKNOWN)."
EV-2026-08-09-221,"Sarap etiketinde hacmen gercek alkol miktarinin karakter buyuklugu 20-100 cl ambalajda en az 3 mm olmalidir; etiketteki ile gercek alkol miktari arasindaki fark en fazla +/- %0,5 olabilir.",3,mm (20-100 cl),T1,Turk Gida Kodeksi Sarap Tebligi (Teblig No: 2008/67),https://www.tarimorman.gov.tr/TADAB/Belgeler/Alkoll%C3%BC%20%C4%B0%C3%A7kiler/%C4%B0lgili%20Mevzuat%20D%C3%BCzenlemeleri/sarap_teblig.pdf,2009-02-04,2009-02-04,2026-08-09,MEDIUM,FACT,365d,10-evidence/raw/snapshots/EV-2026-08-09-2xx_tgk-sarap-teblig-2008-67.pdf,mevzuat-ruhsat-uzmani,-,-,"TGK Sarap Tebligi 2008/67 Madde 10(a)(b). Teblig, yururlukten kalkmis 5179 s.K.'ya dayaniyor ve eski etiketleme tebligine atif yapiyor; TADAB halen yururlukteki mevzuat olarak yayinliyor. Yayim tarihi dogrulanmadi (T5 kaynaklar 04/02/2009-27131 diyor) - tarih UNKNOWN kabul edilmeli."
EV-2026-08-09-222,"4250 sayili Kanun m.6: alkollu ickilerin her ne surette olursa olsun reklami ve tuketicilere yonelik tanitimi yapilamaz; kampanya/promosyon/etkinlik yapilamaz; tesvik, hediye, esantiyon, promosyon veya bedelsiz alkollu icki dagitilamaz; 18 yas alti satilamaz; otomatik satis makineleri, basin-yayin yoluyla satis ve posta ile satis yasaktir; 22:00-06:00 arasi perakende satis yasaktir; isletme disindan gorulecek sekilde perakende satisa arz edilemez.",22:00-06:00 perakende satis yasagi; reklam/promosyon yasagi; online-posta satis yasagi,-,T1,"4250 sayili Ispirto ve Ispirtolu Ickiler Inhisari Kanunu (mevzuat konsolide metin, TADAB yayini)",https://www.tarimorman.gov.tr/TADAB/Belgeler/Alkoll%C3%BC%20%C4%B0%C3%A7kiler/%C4%B0lgili%20Mevzuat%20D%C3%BCzenlemeleri/4250.pdf,1942-06-12,2013-06-11,2026-08-09,HIGH,FACT,180d,10-evidence/raw/snapshots/EV-2026-08-09-2xx_4250-sayili-kanun.pdf,mevzuat-ruhsat-uzmani,-,-,"Madde 6 (Yeniden duzenleme: 24/5/2013-6487/2 md.). Ayrica ogrenci yurtlari, saglik kuruluslari, egitim kurumlari, kahvehane/kiraathane/pastane, akaryakit istasyonu magaza ve lokantalarinda satis yasak; otoyol ve devlet karayolu tesislerinde satis/tuketim yasak (meskun mahal ve konaklama yerleri haric). ONLINE D2C proje kapsami disi - burada sadece kisitin VARLIGI notlanmistir."
EV-2026-08-09-223,"7584 sayili Kanunun 2 nci maddesi ile 4250 sayili Kanunun 6 nci maddesinin birinci fikrasi yeniden duzenlenmistir: alkollu icki ureten/ithal eden/pazarlayanlarin ticaret unvanlari ile urunlerinin marka, amblem, logolari ve arz ambalajinda yer alan ifade/sekil/isim/isaret/gorseller hicbir etkinlige veya her tur mecrada yapilacak yayin ve paylasimlara destek olarak kullanilamaz; ayrica bunlar IS YERLERININ ICINDE, DISINDA, VITRINLERINDE, SATIS UNITELERINDE ve hicbir etkinlik alaninda bulundurulamaz.",satis noktasinda marka/logo/ambalaj gorseli bulundurma yasagi,-,T2,TADAB - Alkollu Icki Reklamlarina Iliskin Mevzuatta Yapilan Degisiklik Hakkinda Duyuru (7584 s.K. / RG 20/6/2026-33286),https://www.tarimorman.gov.tr/TADAB/Duyuru/280/Alkollu-Icki-Reklamlarina-Iliskin-Mevzuatta-Yapilan-Degisiklik-Hakkinda-Duyuru,2026-06-26,2026-06-20,2026-08-09,HIGH,FACT,90d,10-evidence/raw/snapshots/EV-2026-08-09-2xx_tadab-duyuru-280-reklam.html,mevzuat-ruhsat-uzmani,-,-,"Dayanak T1: 7584 s.K. m.2, RG 20/6/2026-33286 (Kanun kabul tarihi 11/6/2026). TADAB duyurusuna gore is yerlerinin uyum icin 20/6/2027'ye kadar suresi var. Acik alkollu icki satis izni olan isletmelerde servis materyallerinde marka/amblem/logo kullanilabilir. Zincir market rafinda urun ambalajinin kendisinin bu yasak kapsaminda olup olmadigi ACIK DEGILDIR -> T-205."
EV-2026-08-09-224,"Yurt icinde uretilen veya ithal edilen alkollu ickiler, adina dagitim yetki belgesi duzenlenen ureticileri veya ithalatcilari tarafindan yalnizca ALKOLLU ICKI SATIS BELGESINI HAIZ gercek veya tuzel kisilere satilmak suretiyle piyasaya arz edilir.",sadece satis belgesi olanlara satis,-,T1,Resmi Gazete 6/6/2003-25130 | Alkol ve Alkollu Ickilerin Ic ve Dis Ticaretine Iliskin Usul ve Esaslar Hakkinda Yonetmelik (TADAB konsolide metin),https://www.tarimorman.gov.tr/TADAB/Belgeler/Alkoll%C3%BC%20%C4%B0%C3%A7kiler/%C4%B0lgili%20Mevzuat%20D%C3%BCzenlemeleri/7.5.6203-yonetmelik.pdf,2003-06-06,2008-02-22,2026-08-09,HIGH,FACT,180d,10-evidence/raw/snapshots/EV-2026-08-09-2xx_ticaret-yonetmeligi-7.5.6203.pdf,mevzuat-ruhsat-uzmani,-,-,Madde 9 ucuncu fikra. Ayrica Madde 9/2: uretici ve ithalatci firmalar perakende saticilarin taleplerini zamaninda karsilayacak dagitimi saglamak zorundadir.
EV-2026-08-09-225,"Uretici ve ithalatci firmalar aylik ticari faaliyetini gosterir satis raporunu, ilgili oldugu ayi takip eden ayin en gec 20 nci gunu mesai bitimine kadar Kuruma (elektronik ortam dahil) intikal ettirmek zorundadir.",her ayin 20'si,-,T1,Resmi Gazete 6/6/2003-25130 | Alkol ve Alkollu Ickilerin Ic ve Dis Ticaretine Iliskin Usul ve Esaslar Hakkinda Yonetmelik (TADAB konsolide metin),https://www.tarimorman.gov.tr/TADAB/Belgeler/Alkoll%C3%BC%20%C4%B0%C3%A7kiler/%C4%B0lgili%20Mevzuat%20D%C3%BCzenlemeleri/7.5.6203-yonetmelik.pdf,2003-06-06,2004-03-10,2026-08-09,HIGH,FACT,180d,10-evidence/raw/snapshots/EV-2026-08-09-2xx_ticaret-yonetmeligi-7.5.6203.pdf,mevzuat-ruhsat-uzmani,-,-,Madde 15. Hizmet bedeli (EV-2026-08-09-209) bu rapor uzerinden tahakkuk eder ve raporun verildigi ayin son is gunune kadar odenir (Madde 14).
EV-2026-08-09-226,"5 cl'den kucuk ambalaj hacmine sahip alkollu ickiler ithal edilemez, uretilemez ve piyasaya arz edilemez. Ayni fikradaki '300 cl'den buyuk ambalaj' yasagi ile alkollu ickilerin sadece CAM ambalajla piyasaya arzini ongoren hukmun yurutmesi Danistay 13. Dairesinin 11/4/2023 tarihli E.:2023/407 sayili karari ile DURDURULMUSTUR.",5 cl alti yasak; 300 cl ustu ve cam zorunlulugu yurutmesi durdurulmus,-,T1,Resmi Gazete 6/6/2003-25130 | Alkol ve Alkollu Ickilerin Ic ve Dis Ticaretine Iliskin Usul ve Esaslar Hakkinda Yonetmelik (TADAB konsolide metin),https://www.tarimorman.gov.tr/TADAB/Belgeler/Alkoll%C3%BC%20%C4%B0%C3%A7kiler/%C4%B0lgili%20Mevzuat%20D%C3%BCzenlemeleri/7.5.6203-yonetmelik.pdf,2003-06-06,2023-02-02,2026-08-09,HIGH,FACT,180d,10-evidence/raw/snapshots/EV-2026-08-09-2xx_ticaret-yonetmeligi-7.5.6203.pdf,mevzuat-ruhsat-uzmani,-,-,Madde 13 altinci fikra ve Gecici Madde 13-14. 750 ml ana format bu kisitlarin disindadir. Cam zorunlulugu hukmu ileride yeniden yururluge girerse bag-in-box/PET senaryolari elenir - regulasyon soku vektoru.
EV-2026-08-09-227,"4250 sayili Kanun m.1/3: 'Ithalatci firmalarin, ulke genelinde kurulus yeri nerede olursa olsun her saticinin siparis verdigi urunleri yerinde teslim etmeleri ... sarttir. Yillik en az bir milyon litre yil ayri ayri uretim, satis veya dis alim miktarina ulasan firmalar, bu faaliyetlerini yurutmek ve fiyat belirlemekte serbesttir.' Bu esigin bugun nasil uygulandigi dogrulanamadi.",1000000,litre/yil (fiyat serbestisi esigi - uygulanabilirligi UNKNOWN),T1,"4250 sayili Ispirto ve Ispirtolu Ickiler Inhisari Kanunu (mevzuat konsolide metin, TADAB yayini)",https://www.tarimorman.gov.tr/TADAB/Belgeler/Alkoll%C3%BC%20%C4%B0%C3%A7kiler/%C4%B0lgili%20Mevzuat%20D%C3%BCzenlemeleri/4250.pdf,1942-06-12,2001-01-11,2026-08-09,LOW,UNKNOWN,90d,10-evidence/raw/snapshots/EV-2026-08-09-2xx_4250-sayili-kanun.pdf,mevzuat-ruhsat-uzmani,-,C-201,"4619 s.K. Gecici m.1 esigi kademeli olarak 2006 sonuna kadar 600.000 litreye indirmis, sonrasi icin Bakanlar Kuruluna sifira indirme yetkisi vermistir; boyle bir karar bulunamadi. Ayrica m.1/5 'her turlu sarap...' icin bu sartlari aramiyor ama cumle yapisi ITHALAT yonunden yalnizca viski ve tabii kopuren saraplari sayiyor. Sonuc: durgun sarap ITHALATI icin esigin gecerli olup olmadigi belirsiz. -> T-201, C-201."
EV-2026-08-09-228,Dagitim yetki belgesi basvurusunun Kurum tarafindan kac gun icinde sonuclandirilacagina dair bir SURE mevzuatta bulunamadi; Madde 12 yalnizca basvuru dosyasinin 'yerinde ve/veya kayitlar uzerinde incelenerek' degerlendirilecegini soyler.,null,gun,T1,Resmi Gazete 6/6/2003-25130 | Alkol ve Alkollu Ickilerin Ic ve Dis Ticaretine Iliskin Usul ve Esaslar Hakkinda Yonetmelik (TADAB konsolide metin),https://www.tarimorman.gov.tr/TADAB/Belgeler/Alkoll%C3%BC%20%C4%B0%C3%A7kiler/%C4%B0lgili%20Mevzuat%20D%C3%BCzenlemeleri/7.5.6203-yonetmelik.pdf,2003-06-06,2015-12-31,2026-08-09,HIGH,UNKNOWN,180d,10-evidence/raw/snapshots/EV-2026-08-09-2xx_ticaret-yonetmeligi-7.5.6203.pdf,mevzuat-ruhsat-uzmani,-,-,Kritik yol uzerindeki en buyuk takvim belirsizligi. Ticaret Yonetmeligi Gecici Madde 2 (2003 gecis rejimi) dosya incelemesi icin 4 ay ongormustu; bu hukum bugun icin baglayici degildir. -> T-202.
EV-2026-08-09-229,"Alkollu icki ithalatcisindan TADAB tarafindan istenen bir TEMINAT (nakit veya banka teminat mektubu) hukmu, incelenen mevzuat metinlerinde (Ticaret Yonetmeligi, Satis ve Sunum Yonetmeligi, UIS Tebligi, 4250 ve 4733 s. Kanunlar) BULUNAMADI.",null,TRY,T1,Resmi Gazete 6/6/2003-25130 | Alkol ve Alkollu Ickilerin Ic ve Dis Ticaretine Iliskin Usul ve Esaslar Hakkinda Yonetmelik (TADAB konsolide metin),https://www.tarimorman.gov.tr/TADAB/Belgeler/Alkoll%C3%BC%20%C4%B0%C3%A7kiler/%C4%B0lgili%20Mevzuat%20D%C3%BCzenlemeleri/7.5.6203-yonetmelik.pdf,2003-06-06,2023-02-02,2026-08-09,MEDIUM,UNKNOWN,180d,10-evidence/raw/snapshots/EV-2026-08-09-2xx_ticaret-yonetmeligi-7.5.6203.pdf,mevzuat-ruhsat-uzmani,-,-,"Negatif bulgu: metinlerde teminat gecmiyor. Ancak gumruk/antrepo rejimi kaynakli teminat (antrepo teminati, OTV/KDV teminati) BU AJANIN ALANI DISINDADIR ve gumruk-vergi + navlun-lojistik ajanlarinca ayrica arastirilmalidir. 'Teminat yoktur' seklinde FACT yazilmadi."
EV-2026-08-09-230,Ithal siselenmis sarap icin partiye/sevkiyata bagli ZORUNLU akredite laboratuvar analizi ve bunun birim maliyeti dogrulanamadi. Bitkisel gida ithalatinin resmi kontrollerinde fiziksel kontrol kapsaminda numune alma ve laboratuvar analizi risk esasli olarak yapilmaktadir.,null,TRY/parti,T3,Tarim ve Orman Bakanligi - Bitkisel Gida ve Yem Ithalatinin Resmi Kontrollerine Dair Yonetmelik (RG 17/12/2011-28145) ve uygulama talimatlari (ikincil kaynak uzerinden),https://www.tarimorman.gov.tr/Konu/2176/bitkisel_gida_ve_yem_ile_gida_ile_temas_eden_madde_ve_malzeme_ithalat_islemleri,2011-12-17,2011-12-17,2026-08-09,LOW,UNKNOWN,90d,-,mevzuat-ruhsat-uzmani,-,-,"Ticaret Yonetmeligi Madde 7'deki analiz/kalite onayi hukmu Madde 6(c) dokme alkol icin ongorulmustur; siselenmis alkollu ickide bildirim rejimi dosya uzerindendir. Ithalat asamasinda analizin sikligi (her parti mi, risk esasli mi) ve maliyeti UNKNOWN -> T-206."
EV-2026-08-09-231,"Tutun, Tutun Mamulleri, Alkol ve Alkollu Ickilerin Ithalat Denetimi Tebligi (Urun Guvenligi ve Denetimi: 2026/19) uyarinca Ek-2'de yer alan alkollu ickilerin ithalatinda ithalatcinin TADAB'a alkollu icki bildirimi yapmasi gerekir; teblig metni birincil kaynaktan dogrulanamadi.",RG 31/12/2025-33124 (4. mukerrer) - dogrulanamadi,-,T5,Ikincil kaynaklar (gumruk musavirligi/mevzuat portallari) - resmigazete.gov.tr ve mevzuat.gov.tr bu oturumda TLS/503 nedeniyle erisilemedi,https://www.lexpera.com.tr/resmi-gazete/metin/tutun-tutun-mamulleri-alkol-ve-alkollu-ickilerin-ithalat-denetimi-tebligi-urun-guvenligi-ve-denetimi-12,2025-12-31,2026-01-01,2026-08-09,LOW,UNKNOWN,90d,-,mevzuat-ruhsat-uzmani,-,-,Ayni yukumluluk zaten T1 duzeyinde Ticaret Yonetmeligi Madde 5/2 ile sabittir (EV-2026-08-09-201); bu kart yalnizca gumruk asamasindaki denetim tebligi referansini isaretler. T5 tek basina FACT sayilmadi.
EV-2026-08-09-232,"Dagitim yetki belgesi bedeli, maktu asgari bedel ile faaliyet hacmi uzerinden hesaplanan bedelin buyugu olarak uygulandigi varsayimiyla, sarap ithalatcisi icin 2026'da 5.000-25.000 sise/yil senaryosunda 68.375 TL, 50.000-100.000 sise/yil senaryosunda 170.908 TL'dir.",68375 | 170908,TRY,T1,Resmi Gazete 30/12/2025-33123 | Teblig No 2025/39 (Tarim ve Orman Bakanligi),https://www.tarimorman.gov.tr/TADAB/Belgeler/Tebli%C4%9Fler/TEBLIG%20NO%202025-39.pdf,2025-12-30,2026-01-01,2026-08-09,MEDIUM,ESTIMATE,180d,10-evidence/raw/snapshots/EV-2026-08-09-2xx_teblig-2025-39-bedeller.pdf,mevzuat-ruhsat-uzmani,-,-,"Turetme zinciri: EV-206 (maktu 'en az' bedeller) + EV-207 (427,15 TL/bin litre). 5.000 sise=3.750 L; 25.000 sise=18.750 L (<=20.000 L esigi) -> hacim bedeli 1.602/8.009 TL, maktu asgari baglayici -> 68.375 TL. 50.000 sise=37.500 L; 100.000 sise=75.000 L (>20.000 L) -> hacim bedeli 16.018/32.036 TL, maktu asgari baglayici -> 170.908 TL. 'en az' ifadesinin max() olarak yorumu DOGRULANMAMISTIR -> T-202."
EV-2026-08-09-233,Sifirdan baslayan bir yatirimci icin T0'dan ilk konteynerin ithalat izinlerinin tamamlanmasina kadar gecen MEVZUAT kaynakli sure (tedarikci uretimi ve navlun HARIC) 120-270 takvim gunu araliginda tahmin edilmektedir.,120-270,gun,T1,Turetme: EV-2026-08-09-203/204/214/216 + ASSUMPTION sureler,https://www.tarimorman.gov.tr/TADAB/Belgeler/Alkoll%C3%BC%20%C4%B0%C3%A7kiler/%C4%B0lgili%20Mevzuat%20D%C3%BCzenlemeleri/7.5.6203-yonetmelik.pdf,2026-08-09,2026-08-09,2026-08-09,LOW,ESTIMATE,90d,-,mevzuat-ruhsat-uzmani,-,-,"Turetme zinciri ve adim adim dagilim icin bkz. 20-mevzuat/t0-takvimi.md. Kritik yolun en belirsiz halkasi dagitim yetki belgesi inceleme suresidir (EV-2026-08-09-228, UNKNOWN). Bu deger FACT DEGILDIR."
EV-2026-08-09-234,"2026 fiyatlariyla, chain retail'e dogrudan satis yapan bir sarap ithalatcisinin yalnizca TADAB/satis belgesi kalemlerinden olusan baslangic sabit maliyeti (tek depo, tek kategori) 150.839 TL (<=20.000 L/yil) veya 253.372 TL (>20.000 L/yil) civarindadir.",150839 | 253372,TRY,T1,Turetme: EV-2026-08-09-232 + EV-2026-08-09-211,https://www.tarimorman.gov.tr/TADAB/Belgeler/Tebli%C4%9Fler/TEBLIG%20NO%202025-39.pdf,2025-12-30,2026-01-01,2026-08-09,MEDIUM,ESTIMATE,180d,10-evidence/raw/snapshots/EV-2026-08-09-2xx_teblig-2025-39-bedeller.pdf,mevzuat-ruhsat-uzmani,-,-,"Turetme: dagitim yetki belgesi (68.375 veya 170.908) + toptan satis belgesi (82.464). DANISMANLIK, DEPO, ETIKET BASIMI, ANALIZ ve NOTER/TERCUME kalemleri HARICTIR (UNKNOWN). Bandrol ve hizmet bedeli DEGISKEN kalemdir, bu tutara dahil degildir."
EV-2026-08-09-235,"Bandrol ve TADAB hizmet bedelinden olusan, sise basina zorunlu ruhsat kaynakli degisken maliyet 2026'da 750 ml sise icin 2,52 TL/sise'dir (KDV haric).",2.52,TRY/sise,T1,Turetme: EV-2026-08-09-213 + EV-2026-08-09-209,https://ms.hmb.gov.tr/uploads/sites/7/2026/02/2026-Yili-Bandrol-Fiyat-Listesi03022026-85067e294f923911.pdf,2026-02-03,2026-01-01,2026-08-09,HIGH,ESTIMATE,180d,10-evidence/raw/snapshots/EV-2026-08-09-2xx_darphane-bandrol-2026-fiyat.pdf,mevzuat-ruhsat-uzmani,-,-,"Turetme: bandrol 2.360,73/1000 = 2,36073 TL/sise + hizmet bedeli 211,60/1000 litre x 0,75 litre = 0,1587 TL/sise = 2,5194 TL/sise. Bandrolun antrepoda YAPISTIRILMA operasyon maliyeti bu tutara DAHIL DEGILDIR (navlun-lojistik-uzmani alani)."
