"EV-2026-08-09-301","20DV (20ft standart dry) konteyner ic olculeri, dara ve azami payload","ic olcu 5.90 x 2.35 x 2.39 m; ic hacim ~33 m3; dara ~2.300 kg; azami payload ~28.200 kg","m / m3 / kg","T4","iContainers - 20-foot Container specs","https://www.icontainers.com/help/20-foot-container/","UNKNOWN","-","2026-08-09","MEDIUM","FACT","1y","-","navlun-lojistik-uzmani","-","-","Hesaplanan ic hacim 5.90*2.35*2.39 = 33.14 m3. Maersk resmi FAQ 20ft steel icin 33.2 m3 ve 28.300 kg payload veriyor (EV-...-302 ile capraz). Payload rakamlari kaynaklar arasi 26.000-28.300 kg araliginda degisiyor -> C-303."
"EV-2026-08-09-302","Maersk resmi kargo agirlik limiti sayfasina gore konteyner azami payload ve ic hacim degerleri","20ft steel: 28.300 kg / 33,2 m3 | 40ft steel: 28.870 kg / 67,7 m3 | 40ft High Cube steel: 28.690 kg / 76,4 m3","kg / m3","T3","Maersk - What is the weight limit for the cargo (Support FAQ)","https://www.maersk.com/support/faqs/cargo-weight-limit","UNKNOWN","-","2026-08-09","HIGH","FACT","1y","-","navlun-lojistik-uzmani","-","-","Tasiyicinin kendi resmi spec sayfasi. Sayfada 'agirlik limitleri ulkeye gore degisebilir' uyarisi var -> Turkiye karayolu limiti icin EV-...-309 baglayici."
"EV-2026-08-09-303","40HC konteyner ic olculeri (yaygin yayinlanan deger)","ic olcu ~12,03 x 2,35 x 2,69 m","m","T4","Hillebrand Gori FAQ - Containers (dis olcu) + sektor yayinlari","https://www.hillebrandgori.com/faq/containers","UNKNOWN","-","2026-08-09","LOW","ESTIMATE","1y","-","navlun-lojistik-uzmani","-","-","Hillebrand FAQ 40HC DIS olcuyu veriyor: 12,2 x 2,44 x 2,9 m. Ic olcu dogrudan T1-T3 kaynakla dogrulanamadi. Hesaplarda Maersk'in 76,4 m3 ic hacmi (EV-...-302) esas alinmistir; ic olcu yalnizca yukseklik/palet katman hesabinda gosterge olarak kullanildi."
"EV-2026-08-09-304","750 ml sarap sisesinde bos cam agirligi araligi","genel aralik 300-900 g; durgun sarapta tipik 420-550 g; hafifletilmis cam ~300-420 g; kopuklu 800-900 g","g","T5","Vinovest / WineLoversPage / ExpertWineStorage derlemesi","https://www.vinovest.co/blog/how-much-does-a-bottle-of-wine-weigh","2026","-","2026-08-09","LOW","ESTIMATE","180d","-","navlun-lojistik-uzmani","-","-","T5 seviyesinde derleme. Tedarikcinin gercek cam agirligi RFQ ile alinmali -> T-302. Model icin band kullanilmali, tek nokta degil."
"EV-2026-08-09-305","Dolu 750 ml sarap sisesinin brut agirligi (cam + sivi + kapak/kapsul/etiket)","1,16 - 1,32 kg (durgun sarap, hafif-standart cam); yayinlanan genel aralik 1,2 - 1,5 kg","kg","T5","Turetme: 750 ml sarap ~0,743 kg + cam 400-550 g + kapak/etiket ~10-15 g","https://www.vinovest.co/blog/how-much-does-a-bottle-of-wine-weigh","2026","-","2026-08-09","MEDIUM","ESTIMATE","180d","-","navlun-lojistik-uzmani","-","-","Turetme zinciri: sarap yogunlugu ~0,99 g/ml -> 750 ml = 743 g. + cam (EV-...-304) + kapak. Cellwind palet spec'inden geri hesap (EV-...-307) 1,26 kg/sise paketli degeriyle tutarli."
"EV-2026-08-09-306","12'li sarap kolisi brut agirligi ve bos karton agirligi","12'li koli brut 13,6-18 kg (gunluk tuketim sarabi 13,6-15 kg); bos oluklu mukavva koli + bolme 0,55 kg","kg","T4","Mistral Associates / Cellwind - Wine cases pallet capacity; Vinovest","https://www.mistralassociates.com/help/awmain/wcp_us.html","UNKNOWN","-","2026-08-09","MEDIUM","FACT","180d","-","navlun-lojistik-uzmani","-","-","Fiyat/performans segmenti hafif cam kullanir -> bandin alt ucu (13,6-15,5 kg) daha olasi. Tedarikci teyidi gerekli -> T-302."
"EV-2026-08-09-307","Palet basina sarap kolisi / sise adedi, brut agirlik ve yuklu palet yuksekligi (logistics spec sheet)","Std palet 1000x1200, 12'li koli, 4 katman: 60 koli / 720 sise / 927 kg brut / 1480 mm | 5 katman: 75 koli / 900 sise / 1154 kg / 1818 mm || Std palet, 6'li koli, 4 katman: 112 koli / 672 sise / 870 kg / 1480 mm | 5 katman: 140 koli / 840 sise / 1083 kg / 1818 mm || Euro palet 800x1200, 12'li, 4 katman: 48 koli / 576 sise / 751 kg / 1490 mm | 6'li, 4 katman: 100 koli / 600 sise / 780 kg / 1490 mm","adet / kg / mm","T4","Mistral Associates (Cellwind) - Wine cases pallet capacity","https://www.mistralassociates.com/help/awmain/wcp_us.html","UNKNOWN","-","2026-08-09","MEDIUM","FACT","180d","-","navlun-lojistik-uzmani","-","-","Ic tutarlilik kontrolu: 12'li 4 katman 927 kg - palet ~20 kg = 907 kg / 60 koli = 15,1 kg/koli -> 1,258 kg/sise paketli. 6'li 870-20=850/112=7,59 kg/koli -> 1,265 kg/sise. Iki format tutarli. Kolinin gercek olcusu sise sekline gore degisir (Burgundy sise cok daha hacimli) -> T-302."
"EV-2026-08-09-308","Yuklu paletin tavsiye edilen azami yuksekligi ve konteyner basina palet adetleri (icecek lojistigi uzmani)","Yuklu palet yuksekligi genel olarak 1,7 m'yi asmamali. Euro palet (1200x800): 20ft dry 11, 40ft dry 24, 20ft reefer 10, 40ft reefer 23. VMF blok palet (1200x1000): 20ft dry 10, 40ft dry 21, 20ft reefer 9, 40ft reefer 20","m / adet","T4","Hillebrand Gori - Optimising pallet types for safe and efficient transport","https://www.hillebrandgori.com/media/publication/pallet-types","2025-04-08","-","2026-08-09","MEDIUM","FACT","1y","-","navlun-lojistik-uzmani","-","C-301","Ayni firmanin baska makalesi (EV-...-309) 20ft icin 9 standart / 10 Euro palet diyor -> C-301 celiskisi."
"EV-2026-08-09-309","Konteyner basina palet adedi - ikinci Hillebrand Gori kaynagi (C-301 celiskisinin diger tarafi)","20ft: 9 standart palet (1x1,2 m) veya 10 Euro palet (0,8x1,2 m); 40ft: 20 standart palet veya 23 Euro palet. Palet basina 56'ya kadar koli, sarap tipik 4 katman istiflenir","adet","T4","Hillebrand Gori - Freight Containers: How They're Used In the Wine Industry","https://www.hillebrandgori.com/media/publication/freight-containers-how-they're-used-in-the-wine-industry","2022-10-28","-","2026-08-09","MEDIUM","CONFLICT","1y","-","navlun-lojistik-uzmani","-","C-301","2023'te guncellenmis. EV-...-308 ile celisiyor (20ft: 9-10 vs 10-11 palet). Kapasite hesaplarinda 9-11 palet BANDI kullanilmistir, tek sayi degil."
"EV-2026-08-09-310","Turkiye karayolunda ISO konteyner tasiyan yari romorklu araclarda azami yuklu agirlik","Konteyner tasiyan yari romorklu araclarda (ISO Konteynerli 3-S2/3): 44 ton. Bes veya daha cok dingilli yari romorklu/romorklu katarlarda: 40 ton. Agirlik kontrolunde azami yuklu agirligin en cok %5'i kadar tarti toleransi taninir","ton","T2","Karayollari Genel Mudurlugu - Karayollari Trafik Yonetmeligi Madde 128 (Araclarin Olcu ve Agirliklari)","https://www.kgm.gov.tr/SiteCollectionDocuments/KGMdocuments/Trafik/KanunYonetmelik/128MaddeDegisiklik.pdf","UNKNOWN","UNKNOWN","2026-08-09","HIGH","FACT","1y","webfetch PDF cikarimi (pdftotext) - 10-evidence/raw/snapshots/ktk-128.txt (ALINMADI)","navlun-lojistik-uzmani","-","-","KRITIK: konteynerin kendi payload'i (28,2-28,7 t) degil, Turkiye karayolu 44 t GVW limiti pratikte baglayici olabilir. Cekici+sasi darasi bu karta dahil DEGIL -> UNKNOWN, ASSUMPTION olarak modellendi. Yururluk tarihi belgede acik degil -> gumruk/mevzuat degil trafik yonetmeligi oldugu icin risk dusuk."
"EV-2026-08-09-311","20DV konteynere paletsiz (floor loaded) yuklenebilen sarap kolisi/sise adedi - yayinlanmis iddia","20ft paletsiz: 2.200 adet 6'li karton = 13.200 sise. Paletli: 1.600 adet 6'li karton = 9.600 sise","adet","T5","Sunfect (cam sise ureticisi blogu) / sektor derlemesi","https://www.sunfect.net/glass-bottles-news/how-many-bottles-of-wine-in-a-20ft-container.html","UNKNOWN","-","2026-08-09","LOW","ESTIMATE","180d","-","navlun-lojistik-uzmani","-","-","T5. Kendi geometrik hesabimla (EV-...-320) capraz kontrol edildi: 11.800-13.700 sise bandi cikti; 13.200 bandin ust ucunda. 9.600 paletli rakami ise benim 6.480-7.200 hesabimla CELISIYOR (muhtemelen 5 katman + 40ft varsayimi). Tek basina kullanilamaz."
"EV-2026-08-09-320","20DV konteyner 750 ml sarap kapasitesi - hacim kisitli vs agirlik kisitli (turetilmis)","PALETLI (std palet, 12'li koli, 4 katman): 6.480-7.200 sise / 8.343-9.270 kg | PALETSIZ (floor loaded): 11.800-13.700 sise / 14.900-17.300 kg | AGIRLIK KISITI: 20.400-22.400 sise. BAGLAYICI KISIT = HACIM","adet","T4","Turetme (bkz. 40-lojistik/konteyner-kapasitesi.md)","OFFLINE","-","-","2026-08-09","MEDIUM","ESTIMATE","180d","-","navlun-lojistik-uzmani","-","-","Turetme zinciri: EV-301, EV-302, EV-305, EV-307, EV-308, EV-309, EV-310. Sise basi paketli agirlik 1,21-1,38 kg; sise basi paketli hacim 0,00223-0,00239 m3. 20DV ic hacim 33,14 m3, %85-92 kup kullanimi."
"EV-2026-08-09-321","40HC konteyner 750 ml sarap kapasitesi - hacim kisitli vs agirlik kisitli (turetilmis)","PALETLI (std palet, 12'li koli, 4 katman): 14.400-15.120 sise / 18.540-19.467 kg | PALETLI 5 katman: 18.000-18.900 sise / 23.080-24.234 kg (karayolu limitine dayaniyor) | PALETSIZ hacim kapasitesi: 27.100-31.400 sise ANCAK AGIRLIK KISITI 19.100-21.500 sise. BAGLAYICI KISIT = AGIRLIK (Turkiye karayolu 44 t GVW)","adet","T4","Turetme (bkz. 40-lojistik/konteyner-kapasitesi.md)","OFFLINE","-","-","2026-08-09","MEDIUM","ESTIMATE","180d","-","navlun-lojistik-uzmani","-","-","Turetme zinciri: EV-302, EV-303, EV-305, EV-307, EV-308, EV-309, EV-310. 40HC'de baglayici olan konteyner payload'i (28.690 kg) DEGIL, Turkiye karayolu 44 t GVW limitinden turetilen ~24,1-27,1 t kargo tavani. Cekici+sasi darasi 13-16 t ASSUMPTION -> T-304."
"EV-2026-08-09-322","Sarapta 2 x 20DV, 1 x 40HC'den daha fazla sise tasir (agirlik limiti konteyner basina degil ARAC basina uygulanir)","2 x 20DV paletsiz: 23.600-27.400 sise | 1 x 40HC paletsiz: 19.100-21.500 sise","adet","T4","Turetme (EV-...-320, EV-...-321)","OFFLINE","-","-","2026-08-09","MEDIUM","ESTIMATE","180d","-","navlun-lojistik-uzmani","-","-","40HC'nin ic hacminin ~%30'u agirlik limiti nedeniyle kullanilamiyor. Sise basi navlun karsilastirmasi 40HC/20DV navlun oranina bagli; bu oran UNKNOWN -> RFQ gerekli (T-304). Konteyner basi SABIT masraflar (THC, ardiye, musavirlik ek konteyner ucreti, ic nakliye) az konteyner lehine calisir."
"EV-2026-08-09-323","LCL / FCL kirilma noktasi (750 ml sarap, sise adedi)","~5.000-7.000 sise (genis band: 1.600-9.900 sise)","adet","T4","Turetme: LCL maliyet yapisi (EV-...-324) + FCL band (EV-...-333) + JSV Logistic 15 m3 kurali (EV-...-325)","OFFLINE","-","-","2026-08-09","LOW","ESTIMATE","14d","-","navlun-lojistik-uzmani","-","-","Sarap yogunlugu ~0,57 t/m3 -> LCL w/m hesabinda CBM baglayici (agirlik degil). 1 CBM ~ 449 sise. Kirilma noktasi FCL navlununa cok duyarli; FCL navlunu UNKNOWN oldugu icin band genis. 5.000 sise/yil senaryosunda tek sevkiyat ~11 m3 -> sinirda."
"EV-2026-08-09-330","Drewry World Container Index kompozit spot navlun degeri","4.297 USD / 40ft konteyner (haftalik %1 artis). Rota bazinda: Shanghai-New York 7.893; Shanghai-Los Angeles 5.894; Shanghai-Genoa 5.506; Shanghai-Rotterdam 4.653","USD/FEU","T4","Drewry - World Container Index (WCI)","https://www.drewry.co.uk/supply-chain-advisors/supply-chain-expertise/world-container-index-assessed-by-drewry","2026-08-06","2026-08-06","2026-08-09","HIGH","FACT","14d","-","navlun-lojistik-uzmani","-","-","SPOT. Bu rotalarin HICBIRI bizim rotamiz degil - yalnizca piyasa seviyesi capasi olarak kullanilir. Turkiye'ye giris navlunu icin dogrudan kullanilamaz."
"EV-2026-08-09-331","Freightos Baltic Index FBX13 (Cin/Dogu Asya -> Akdeniz) guncel degeri; endeks varis limanlari arasinda Ambarli ve Izmit var","6.066,80 USD / 40ft konteyner (volatilite %1,92)","USD/FEU","T4","Freightos - FBX13 China to Mediterranean Container Freight Index","https://www.freightos.com/enterprise/terminal/fbx-13-china-to-mediterranean/","2026-08-09 (erisim)","-","2026-08-09","MEDIUM","FACT","14d","-","navlun-lojistik-uzmani","-","-","Endeks Akdeniz varis limanlari arasinda Ambarli ve Izmit'i sayiyor -> Turkiye'ye varista piyasa seviyesi icin en yakin kamuya acik endeks. ANCAK menseimiz Cin degil -> dogrudan kullanilamaz. Sayfada tarih gosterilmiyor (sadece 'Current FBX') -> confidence MEDIUM."
"EV-2026-08-09-332","Freightos haftalik piyasa raporu - Asya-Akdeniz ve Asya-Kuzey Avrupa spot seviyeleri","Asya-Akdeniz ~6.000 USD/FEU (Temmuz zirvesinin %16 altinda); Asya-Kuzey Avrupa ~5.000 USD/FEU (Temmuz zirvesinin %14 altinda)","USD/FEU","T4","Freightos - Weekly Freight Update, 6 August 2026","https://www.freightos.com/freight-resources/transpac-peak-may-stretch-on-even-as-asia-europe-ocean-cools-august-7-2026-update/","2026-08-06","2026-08-06","2026-08-09","MEDIUM","FACT","14d","-","navlun-lojistik-uzmani","-","-","Piyasa YONU icin: Agustos 2026'da Asya-Avrupa/Akdeniz spot dususte. Bizim rotalarimiz degil."
"EV-2026-08-09-333","Ispanya/Avrupa -> Turkiye ve ABD -> Turkiye FCL navlun gosterge araliklari (forwarder pazarlama sayfasi)","Ispanya (Valencia/Barcelona/Malaga) -> Turkiye: 1.200-4.600 EUR (20ft-40ft); Avrupa geneli: 1.200-4.600 EUR; New York -> Istanbul: 2.550-4.600 USD; Houston -> Istanbul 3.700 USD; Miami -> Istanbul 3.900 USD; Turkiye'ye genel band 1.235-7.550 USD","EUR / USD per konteyner","T5","BR Logistics - Ship a container to Turkey [UPDATED 2026]","https://www.brlogistics.net/us/ship-a-container/to-turkey/","2026","-","2026-08-09","LOW","ESTIMATE","14d","-","navlun-lojistik-uzmani","-","C-302","T5 pazarlama sayfasi. Neyin dahil oldugu (all-in mi base mi) YAZMIYOR -> bu tek basina modele giremez. Ayni sayfanin transit sureleri (Valencia-Istanbul 32-35 gun) T4 kaynaklarla CELISIYOR -> C-302. Gercek navlun icin RFQ zorunlu -> T-304."
"EV-2026-08-09-324","LCL maliyet yapisi bilesenleri (genel sektor seviyesi)","Okyanus navlunu 40-180 USD/CBM; CFS/elleclleme mense 35-75 USD ve varis 45-95 USD (veya 15-40 USD/CBM her iki tarafta); varis liman/terminal/dekonsolidasyon 200-500 USD/sevkiyat; dokumantasyon 50-100 USD; minimum ucret 1 CBM","USD","T5","Suaid Global - LCL charges & fees / LCL cost per CBM","https://suaidglobal.com/insights/lcl-charges-fees-explained/","2026","-","2026-08-09","LOW","ESTIMATE","30d","-","navlun-lojistik-uzmani","-","-","Rota bazli degil, genel band. Turkiye'ye ozgu LCL tarifesi UNKNOWN -> T-304. LCL'de cam icin ekstra elleclleme = kirilma riski artar (nicel veri UNKNOWN)."
"EV-2026-08-09-325","Ispanya-Turkiye deniz tasimaciligi: transit sureler ve LCL/FCL esigi","Valencia -> Ambarli 7-10 gun; Valencia -> Mersin 5-8 gun; Valencia -> Izmir 6-9 gun; genel band 5-12 takvim gunu. LCL/FCL esigi: 15 m3'ten veya 10.000 kg'dan fazlasi FCL'i hakli kilar","gun / m3 / kg","T4","JSV Logistic - Spain-Turkey Maritime Transport: A Guide for Businesses","https://jsvlogistic.com/en/spain-turkey-maritime-transport-a-guide-for-businesses/","2026-05-19","-","2026-08-09","MEDIUM","FACT","180d","-","navlun-lojistik-uzmani","-","C-302","Kullanilan limanlar: mense Valencia/Barcelona/Alicante/Algeciras; varis Ambarli/Mersin/Izmir. Sayfa NAVLUN RAKAMI VERMIYOR (bilincli olarak) - yalnizca sursarj yapisini sayiyor: BAF, PSS, PCS."
"EV-2026-08-09-326","Maersk SLR Marmara Sea A servisi - Bati Akdeniz'den Ambarli'ya transit","Valencia -> Barcelona 3 gun; Barcelona -> Piraeus 5 gun; Piraeus -> Ambarli 2 gun (toplam ~10 gun)","gun","T3","Maersk - SLR Marmara Sea A (Intra-Europe shipping routes)","https://www.maersk.com/local-information/intra-europe-shipping-routes/slr-marmara-sea-a","UNKNOWN","-","2026-08-09","MEDIUM","FACT","180d","-","navlun-lojistik-uzmani","-","-","Tasiyicinin kendi servis tarifesi. EV-...-325'i dogruluyor, C-302'nin 32-35 gun iddiasini zayiflatiyor."
"EV-2026-08-09-327","Turkiye <-> Guney Afrika (Cape Town) konteyner transit suresi","~26 gun 7 saat (Izmit'ten kalkis, 1-2 haftada bir, Maersk)","gun","T4","FluentCargo - Istanbul to Cape Town route","https://www.fluentcargo.com/routes/istanbul-tr/cape-town-za","UNKNOWN","-","2026-08-09","LOW","ESTIMATE","180d","-","navlun-lojistik-uzmani","-","-","TERS YON (Turkiye -> Cape Town). Guney Afrika -> Turkiye yonu icin dogrulanmadi; benzer olmasi beklenir ama teyit gerekli. Sefer sikligi 1-2 hafta -> dusuk frekans stok riski yaratir."
"EV-2026-08-09-328","Sili (Valparaiso/San Antonio) -> Turkiye konteyner transit suresi ve navlunu","UNKNOWN","-","-","Arama yapildi, kamuya acik rota verisi bulunamadi","-","-","-","2026-08-09","LOW","UNKNOWN","-","-","navlun-lojistik-uzmani","-","-","Kamuya acik endeks/tarife bulunamadi. Sili -> Turkiye dogrudan servis muhtemelen yok, Akdeniz aktarmali. RFQ zorunlu -> T-304."
"EV-2026-08-09-329","ABD -> Turkiye konteyner transit suresi","Genel band 18-38 gun / 4-6 hafta; New York -> Istanbul 38 gun (T5); Los Angeles -> Istanbul UNKNOWN (aktarmali)","gun","T5","BR Logistics - Ship a container to Turkey","https://www.brlogistics.net/us/ship-a-container/to-turkey/","2026","-","2026-08-09","LOW","CONFLICT","180d","-","navlun-lojistik-uzmani","-","C-302","Ayni sayfa Los Angeles -> Istanbul icin 15 gun diyor; bu fiziksel olarak makul degil (Panama/Suveys uzerinden en az 30 gun). Kaynak ic tutarsiz -> C-302. California mensei icin transit sure UNKNOWN kabul edilmelidir. Benchmark urunu California mensei oldugu icin bu KRITIK."
"EV-2026-08-09-340","Turk konteyner terminali ithalat tarifesi - kapi cikis elleclleme (THC) ve ardiye gunluk ucretleri","Kapi cikis/terminal: 20ft ve 40-45ft standart 113 USD; reefer 119 USD; OOG 226 USD. Ardiye standart konteyner: 20ft 0-5. gun 37 USD/gun, 6-10. gun 43, 11+ gun 52; 40-45ft 0-5. gun 58, 6-10. gun 66, 11+ gun 75. Reefer ardiye 112-155 USD/gun. IMO tehlikeli yukte %20 surprim","USD","T4","Beldeport - Konteyner Ithalat Tarifesi","https://www.beldeport.com.tr/tr-TR/konteyner-ithalat-tarifesi/247","UNKNOWN (guncel yayin)","UNKNOWN","2026-08-09","MEDIUM","FACT","90d","-","navlun-lojistik-uzmani","-","-","Faturalar TCMB kuru ile TL olarak kesiliyor; (*) isaretli hizmetlerde KDV var. ARDIYE FREE TIME gun sayisi sayfadan cikarilamadi -> UNKNOWN, T-304. Beldeport Ambarli degil; Ambarli terminalleri (Marport/Kumport/Mardas) tarifesi alinamadi -> seviye gostergesi olarak kullanildi."
"EV-2026-08-09-341","Asyaport 2026 ithalat saha hizmetleri tarifesi - ardiye, ic bosaltim ve muayene ucretleri","Ithalat dolu konteyner ardiye: 20ft 1-5.gun 33 USD, 6-10 37, 11-15 43, 16+ 51; 40ft 1-5 58, 6-10 65, 11-15 76, 16+ 90. Reefer ardiye: 20ft 1-5 135 / 6+ 165; 40ft 1-5 165 / 6+ 205. Ic bosaltim: 20ft 275 USD + KDV, 40ft 350 USD + KDV. Tam muayene: 20ft 2.322 TL, 40ft 3.249 TL + KDV. Kismi muayene: 20ft 1.973 TL, 40ft 2.787 TL","USD / TL","T4","Asyaport - Ithalat Saha Hizmetleri Tarifesi","https://www.asyaport.com/tr-TR/2025-ithalat-saha-hizmetleri-tarifesi/2513978","2026","2026","2026-08-09","MEDIUM","FACT","90d","-","navlun-lojistik-uzmani","-","-","KRITIK GOZLEM: reefer ardiyesi kuru konteynerin ~4 katI (20ft 135 vs 33 USD/gun). Sarapta reefer secilirse ve gumrukte beklenirse maliyet patlar. Alkollu icki ithalatinda muayene/numune olasiligi yuksek -> tam/kismi muayene kalemi butcelenmeli."
"EV-2026-08-09-342","2026 Yili Gumruk Musavirligi Asgari Ucret Tarifesi - deniz yoluyla ithalat ve antrepo beyannamesi","ITH-2 (deniz yoluyla gelip limanda yapilan ithalat): 4.670 TL/beyanname. ITH-13 CIF kademesi: 0-15.000 USD tarife tutari; 15.001-225.000 USD icin asan kismin %0,3'u; 225.001-2.000.000 USD icin asan kismin %0,1'i. ITH-14 (ikinci ve sonraki her konteyner): 1.350 TL. ITH-15 (11. ve sonraki her kalem): 70 TL. ANT-1 antrepo beyannamesi: 0-15.000 USD 1.350 TL; 15.001-225.000 USD icin asan kismin %0,1'i. ANT-3 (ek konteyner): 1.000 TL. OZ-4 (laboratuvar tahlili, ekspertiz, TSE/DTS islemleri) her islem 940 TL","TRY","T3","Gumruk Musavirleri Dernekleri - 2026 Yili Gumruk Musavirligi Asgari Ucret Tarifesi (EK-1)","https://www.karacagumrukleme.com/upload/source/2026/01/07c6f38578a79ffec7f58968239b7613.pdf","2026-01","2026-01-01","2026-08-09","HIGH","FACT","1y","-","navlun-lojistik-uzmani","-","-","ASGARI tarife - fiili ucret bunun uzerinde olabilir. Alkollu icki ithalatinda antrepo + serbest dolasima giris olmak uzere IKI beyanname olacagi icin ANT-1 + ITH-2 birlikte hesaplanmalidir. OZ-4 kalemi analiz/ekspertiz islemleri icin ayrica cikacaktir."
"EV-2026-08-09-343","Maersk Turkiye ITHALAT demurrage & detention tarifesi - free time ve gunluk ucretler","Free time: 1-7 takvim gunu (ucretsiz). 8-12. gun: 20ft 60 USD/gun, 40ft 75 USD/gun. 13-17. gun: 20ft 80, 40ft 115. 18+ gun: 20ft 100, 40ft 150. Turkiye ithalatta terminal ardiyesi (storage) tasiyici tarafindan degil TERMINAL ISLETMECISI tarafindan ayrica faturalanir","USD/gun","T3","Maersk - Turkey Imports (Local Information)","https://www.maersk.com/local-information/europe/turkey/import","2025-09-15","2025-09-15","2026-08-09","HIGH","FACT","90d","-","navlun-lojistik-uzmani","-","-","KRITIK: ardiye (terminal) VE D&D (hat) AYRI AYRI isler -> gecikmede iki saat birden calisir. Diger hatlarin tarifesi farkli olabilir. Genel sektor pratigi Turkiye'de free time 7-14 gun."
"EV-2026-08-09-344","Ruhsat/analiz/bandrol beklemesi senaryosunda 20DV basina liman bekleme maliyeti (turetilmis)","21 gun bekleme: D&D ~1.100 USD + ardiye ~972 USD = ~2.072 USD/20DV (~0,16 USD/sise). 60 gun bekleme: D&D ~5.000 USD + ardiye ~3.000 USD = ~8.000 USD/20DV (~0,61 USD/sise)","USD","T4","Turetme (EV-...-340, EV-...-343)","OFFLINE","-","-","2026-08-09","MEDIUM","ESTIMATE","90d","-","navlun-lojistik-uzmani","-","-","Ardiye free time UNKNOWN kabul edilerek 1. gunden hesaplandi (muhafazakar). Karsi tedbir: konteyneri hizla ANTREPOYA cekip bosaltmak -> detention ve ardiye durur, cok daha ucuz antrepo ucreti baslar (EV-...-350). Bekleme gun sayisi mevzuat-ruhsat-uzmani'ndan gelmeli -> T-301."
"EV-2026-08-09-350","Turkiye gumruklu antrepo paletli depolama birim ucreti (gosterge)","~0,35 EUR / palet / gun","EUR/palet/gun","T5","FixAntrepo - Gumruklu Antrepo Ardiye Hesaplama / 2026 Gumruklu Antrepo Fiyatlari","https://www.fixantrepo.com.tr/gumruklu-antrepo-ardiye-hesaplama/","2026","-","2026-08-09","LOW","ESTIMATE","90d","-","navlun-lojistik-uzmani","-","-","T5 ticari blog. Firma/lokasyon bazinda cok degisir; giris-cikis ellecleme, minimum sure, sigorta ayrica. Alkollu ickiye uygun (OTV'li urun) genel antrepo yetkisi gerekiyor mu -> mevzuat-ruhsat-uzmani. Buyuklugu kavramak icin: 10 palet x 60 gun x 0,35 EUR = 210 EUR -> limanda 60 gun beklemenin (~8.000 USD) yaninda ihmal edilebilir."
"EV-2026-08-09-351","Turkiye ic nakliye - limandan depoya konteyner cekme ucreti","UNKNOWN (yalnizca cok genis genel band bulundu: 3.000-30.000 TL, mesafeye gore, KDV haric)","TRY","T5","Erciyes Lojistik / Ambarli Nakliye - 2026 konteyner nakliye fiyat listeleri","https://erciyeslojistik.com/2026/01/16/konteyner-nakliyesi-2026/","2026-01-16","-","2026-08-09","LOW","UNKNOWN","90d","-","navlun-lojistik-uzmani","-","-","Band o kadar genis ki modele giremez. Ambarli -> Istanbul Avrupa yakasi depo icin gercek teklif gerekli -> T-304."
"EV-2026-08-09-360","Deniz kargo sigortasi prim orani ve teminat degeri esasi","Prim: sigortali degerin %0,1-1,5'i (genel); tipik %0,3-0,6. Teminat degeri: CIF + %10 (uluslararasi standart); kirilgan/yuksek degerli yukte %15-30'a cikarilabilir. CIF Incoterms 2020'de saticinin asgari yukumlulugu ICC (C), %110 deger uzerinden","%","T5","BRF Logistics / IncoDocs / ShipFinex derlemesi","https://brf-logistics.com/how-is-marine-cargo-insurance-calculated/","2026","-","2026-08-09","LOW","ESTIMATE","180d","-","navlun-lojistik-uzmani","-","-","Sarap KIRILGAN yuk -> bandin ust ucu beklenmeli. ICC (C) kirilmayi KAPSAMAZ; sarapta ICC (A) 'all risks' + ozel kirilma/termal sok teminati gerekir. Turk sigorta sirketinden gercek kotasyon UNKNOWN -> T-304. UYARI: CIF terimiyle alim yapilirsa sigorta satici fiyatinin icindedir -> AYRICA maliyet yazilamaz (cift sayim)."
"EV-2026-08-09-361","Icecek lojistiginde tasiyicinin sinirli sorumlulugu ve kargo sigortasi kapsami","Deniz tasimasinda tasiyici sorumlulugu kilogram basina yalnizca 3 USD ile sinirli. Uzman icecek kargo sigortasi: dogal afet, carpisma, kontaminasyon, yangin, hirsizlik, TERMAL SOK, SARAP BOZULMASI (wine spoilage) ve musterek avarya masraflarini kapsar","USD/kg","T4","Hillebrand Gori - How to get the best shipping rates for wine shipments","https://www.hillebrandgori.com/media/publication/how-to-get-the-best-shipping-rates-for-wine-shipments","2023-10-31","-","2026-08-09","MEDIUM","FACT","1y","-","navlun-lojistik-uzmani","-","-","3 USD/kg sinir: 1,26 kg'lik bir dolu sise icin tasiyici sorumlulugu ~3,8 USD -> pahali sarapta yetersiz, fiyat/performans sarabinda yeterli olabilir. Termal sok ve sarap bozulmasi teminatinin AYRICA satin alinabildigi bu kaynakla dogrulandi."
"EV-2026-08-09-370","Sarapta sicaklik hasari esigi ve kuru konteynerde yaz sevkiyati pratigi","20 C uzerinde oksidasyon hizlanir ve aroma kaybi olur; isi sivi genlesmesi ile mantari iteler (kacirma/leakage). Kuru konteyner kullanan sevkiyatcilar tipik olarak YAZ SEVKIYATINDAN KACINIR","C","T5","MOL Logistics blog / FreightAmigo derlemesi","https://blog.mol-logistics-group.com/en/blog/wine-shipment","UNKNOWN","-","2026-08-09","LOW","ESTIMATE","180d","-","navlun-lojistik-uzmani","-","-","Kuru konteyner ICINDEKI fiili sicaklik olcumu (rota/mevsim bazli) bulunamadi -> UNKNOWN. Beklenen fire orani UNKNOWN."
"EV-2026-08-09-371","Izolasyon liner (thermal liner) performansi ve reefer'a gore konumu","Liner sicaklik artisini ortalama 8-11 C ile sinirlar; yuk liner icinde muhurlendikten sonra ic sicaklik en fazla 11 C artar. Liner, reefer'a gore %23 daha dusuk sera gazi; dis guc kaynagi gerektirmez","C / %","T4","Hillebrand Gori - Insulated Container: What It Is and Why You Need It","https://www.hillebrandgori.com/media/publication/insulated-container-what-it-is-and-why-you-need-it","2022-05-26","-","2026-08-09","MEDIUM","FACT","1y","-","navlun-lojistik-uzmani","-","-","LINER BIRIM MALIYETI KAYNAKTA YOK -> UNKNOWN, T-304. Metin 'ortalama 8-11 C artis' ile 'en fazla 11 C'ye cikar' arasinda mugliak; ihtiyatla okunmali."
"EV-2026-08-09-372","Reefer konteynerin kuru konteynere gore maliyet primi","Sicaklik kontrollu tasima standart tasimaya gore %20-50 prim tasir. Ornek: ~1.000 kasa icin reefer ~2.000 GBP","%","T5","FreightAmigo / Jancis Robinson derlemesi","https://www.freightamigo.com/en/blog/logistics/best-practices-for-temperature-controlled-wine-shipping/","UNKNOWN","-","2026-08-09","LOW","ESTIMATE","90d","-","navlun-lojistik-uzmani","-","-","Okyanus navlunu primi. AYRICA terminal tarafinda reefer ardiyesi kuru konteynerin ~4 kati (EV-...-341) ve reefer kapi cikis ucreti biraz daha yuksek (EV-...-340). Gumrukte bekleme olursa reefer maliyeti katlanir."
"EV-2026-08-09-380","Ithal alkollu ickide bandrol/kodlu etiketin fiziksel olarak nerede uygulandigi (OPERASYONEL)","Bandrol/kodlu etiket, yabanci uretim tesisinde VEYA Turkiye'de belirlenmis antrepolarda (Istanbul, Izmir, Mersin) serbest dolasima girmeden once uygulanir","-","T5","Bigpara/Hurriyet haberi + TADAB Bandrollu Urun Izleme Sistemi tebligi referansi","https://bigpara.hurriyet.com.tr/haberler/ekonomi-haberleri/alkollu-ickilerde-2026-ucret-tarifesi-belli-oldu_ID1622712/","2026","-","2026-08-09","LOW","UNKNOWN","180d","-","navlun-lojistik-uzmani","-","-","T5 - TEK BASINA KULLANILAMAZ. Mevzuat tarafi mevzuat-ruhsat-uzmani'nda (T-301). LOJISTIK SONUCU: bandrol antrepoda yapiliyorsa (a) konteyner limandan hizla cekilmeli, (b) antrepo dwell suresi lead-time'a eklenir, (c) bandrol hizi (sise/gun) operasyonel darbogaz olur. Bandrolleme birim maliyeti ve kapasitesi UNKNOWN."
