COUNTRY,CODE,TARIFF_PCT,TARIFF_GROUP,ORIGIN_DOC,LCL_USD_PER_BOTTLE,TRANSIT_DAYS,TRANSSHIPMENT,OBSERVED_L2_CIF_USD_PER_LITRE,TR_IMPORT_2025_LITRES,VERIFIED_SUPPLIERS,PRIVATE_LABEL,EXISTING_BRAND,KEY_RISK,TIER
Spain,ES,50,P_KOSULLU,EUR.1 / fatura beyani,0.274-0.297,4,0 (direkt),2.71,1916118,"Interbrosa (MOQ 3.000), Bodegas San Valero (MOQ UNKNOWN)",GUCLU,VAR (San Valero),Interbrosa sitesi 2026-08-10 HTTP 503; firma faal mi UNKNOWN (T-889),TIER 1
Portugal,PT,50,P_KOSULLU,EUR.1 / fatura beyani,0.423-0.445,"~4 (ic tutarsiz, LOW)",1 (Barcelona),3.20,324828,"Casa Santos Lima (MOQ UNKNOWN), Vidigal (MOQ UNKNOWN)",ORTA,GUCLU (Model A olgun),Iki aday da Model A; MOQ ve fiyat UNKNOWN; Vidigal icin dogrulanmis iletisim kanali YOK (T-888),TIER 1
Italy,IT,50,P_KOSULLU,EUR.1 / fatura beyani,UNKNOWN,UNKNOWN,UNKNOWN,3.65,5749972,Cantina Danese (MOQ 6.000/SKU),GUCLU,UNKNOWN,"Rota TAMAMEN UNKNOWN (LCL+FCL, T-916); Danese Turkiye'de KENDI markasiyla listeli -> munhasirlik cakismasi (T-565)",TIER 2
Chile,CL,50,P_KOSULLU,EUR.1 / fatura beyani (cikis ulkesi YALNIZCA Sili),0.432-0.454,43,1 (Barcelona),2.89,946350,Corta Hojas (MOQ UNKNOWN),GUCLU,UNKNOWN,"EN UCUZ LCL ROTASI BARCELONA AKTARMALI -> tercih dusebilir (%50->%70, -32,10 TL/sise) (T-914)",TIER 2
France,FR,50,P_KOSULLU,EUR.1 / fatura beyani,0.636-0.675,12-15,1 (Hamburg/Antwerp),6.27,2851454,"The Wine Factory (MOQ 3.600), Plaimont (MOQ UNKNOWN)",GUCLU (Languedoc/Gascogne),VAR (Colombelle),"L2 CIF Ispanya'nin 2,3 kati; tek FR kotasyonu MARSILYA ama iki aday da Atlantik/Guneybati (T-915)",TIER 2
Moldova,MD,70,N_TERCIHSIZ,Tercihli belge DUZENLENEMEZ (STA 2204.21'i kapsamiyor),UNKNOWN (karayolu/Karadeniz hic test edilmedi),UNKNOWN,UNKNOWN,2.46,2038906,Purcari Wineries Group (MOQ UNKNOWN),UNKNOWN,VAR (Bostavan vb.),"%70 tarife kalicidir (-32,10 TL/sise yapisal kayip); Purcari kendini 'most premium' konumluyor",TIER 2
South Africa,ZA,70,N_TERCIHSIZ,Tercihli belge YOK,0.766-0.788,49,1 (Hamburg) — ekvator 2 kez,"7.03 (TEMSILI DEGIL, 18.026 lt)",18026,"Origin Wine, FMS, Zidela (MOQ hepsi UNKNOWN)",COK GUCLU,UNKNOWN,%70 tarife + Turkiye hatti fiilen YOK + termal olarak en kotu rotalardan biri,LOW PRIORITY
Australia,AU,70,N_TERCIHSIZ,Tercihli belge YOK (STA yok),0.529-1.133,36-56,"1 (Singapur, tropik)","7.33 (TEMSILI DEGIL, 44.674 lt)",44674,Harland Wine Company (MOQ 6.000),GUCLU ama dokme agirlikli,UNKNOWN,%70 tarife + tek yayinlanmis fiyatin PARA BIRIMI UNKNOWN (C-461/T-466) + tropik aktarma,LOW PRIORITY
USA / California,US,70,N_TERCIHSIZ,Tercihli belge YOK,0.505-0.574,20,2 (kara Atlanta + deniz),"25.19 (TEMSILI DEGIL, 18.298 lt, C-402)",18298,Scheid Family Wines (MOQ UNKNOWN),VAR,UNKNOWN,"BENCHMARK MENSEI ama %70 tarife + Turkiye hatti ~yok + 2025'te ABD ihracati deger bazinda -%35,9",LOW PRIORITY
