TARGET_SHELF_TRY_KDV_DAHIL,CHANNEL,SCENARIO,VOLUME_BOTTLES,TARIFF_GROUP,CUSTOMS_RATE_PCT,MAX_CIF_TRY_UPPER_BOUND,MAX_CIF_EUR_AT_TCMB_20260810,MAX_CIF_USD_AT_TCMB_20260810,LABEL,STATUS,SOURCE
599,CHAIN_RETAIL,LOW,5000,P_TERCIHLI_DOC_OK,50,213.7184,3.8758,4.4794,STRUCTURAL_CEILING / MODEL_DERIVED / UPPER_BOUND — SUPPLIER TARGET DEGILDIR,DRAFT_UPPER_BOUND_BLOCKED_INPUT,80-model/outputs/country-buying-ceilings.csv + makro.yaml fx (EV-2026-08-10-865/-866)
599,CHAIN_RETAIL,LOW,5000,N_TERCIHSIZ_VEYA_DOC_FAIL,70,188.5750,3.4198,3.9524,STRUCTURAL_CEILING / MODEL_DERIVED / UPPER_BOUND — SUPPLIER TARGET DEGILDIR,DRAFT_UPPER_BOUND_BLOCKED_INPUT,80-model/outputs/country-buying-ceilings.csv + makro.yaml fx (EV-2026-08-10-865/-866)
599,CHAIN_RETAIL,LOW,25000,P_TERCIHLI_DOC_OK,50,230.8479,4.1865,4.8384,STRUCTURAL_CEILING / MODEL_DERIVED / UPPER_BOUND — SUPPLIER TARGET DEGILDIR,DRAFT_UPPER_BOUND_BLOCKED_INPUT,80-model/outputs/country-buying-ceilings.csv + makro.yaml fx (EV-2026-08-10-865/-866)
599,CHAIN_RETAIL,LOW,25000,N_TERCIHSIZ_VEYA_DOC_FAIL,70,203.6893,3.6939,4.2692,STRUCTURAL_CEILING / MODEL_DERIVED / UPPER_BOUND — SUPPLIER TARGET DEGILDIR,DRAFT_UPPER_BOUND_BLOCKED_INPUT,80-model/outputs/country-buying-ceilings.csv + makro.yaml fx (EV-2026-08-10-865/-866)
599,CHAIN_RETAIL,LOW,50000,P_TERCIHLI_DOC_OK,50,231.5786,4.1997,4.8537,STRUCTURAL_CEILING / MODEL_DERIVED / UPPER_BOUND — SUPPLIER TARGET DEGILDIR,DRAFT_UPPER_BOUND_BLOCKED_INPUT,80-model/outputs/country-buying-ceilings.csv + makro.yaml fx (EV-2026-08-10-865/-866)
599,CHAIN_RETAIL,LOW,50000,N_TERCIHSIZ_VEYA_DOC_FAIL,70,204.3341,3.7056,4.2827,STRUCTURAL_CEILING / MODEL_DERIVED / UPPER_BOUND — SUPPLIER TARGET DEGILDIR,DRAFT_UPPER_BOUND_BLOCKED_INPUT,80-model/outputs/country-buying-ceilings.csv + makro.yaml fx (EV-2026-08-10-865/-866)
599,CHAIN_RETAIL,LOW,100000,P_TERCIHLI_DOC_OK,50,233.3144,4.2312,4.8901,STRUCTURAL_CEILING / MODEL_DERIVED / UPPER_BOUND — SUPPLIER TARGET DEGILDIR,DRAFT_UPPER_BOUND_BLOCKED_INPUT,80-model/outputs/country-buying-ceilings.csv + makro.yaml fx (EV-2026-08-10-865/-866)
599,CHAIN_RETAIL,LOW,100000,N_TERCIHSIZ_VEYA_DOC_FAIL,70,205.8657,3.7334,4.3148,STRUCTURAL_CEILING / MODEL_DERIVED / UPPER_BOUND — SUPPLIER TARGET DEGILDIR,DRAFT_UPPER_BOUND_BLOCKED_INPUT,80-model/outputs/country-buying-ceilings.csv + makro.yaml fx (EV-2026-08-10-865/-866)
599,CHAIN_RETAIL,BASE,5000,P_TERCIHLI_DOC_OK,50,189.4972,3.4366,3.9717,STRUCTURAL_CEILING / MODEL_DERIVED / UPPER_BOUND — SUPPLIER TARGET DEGILDIR,DRAFT_UPPER_BOUND_BLOCKED_INPUT,80-model/outputs/country-buying-ceilings.csv + makro.yaml fx (EV-2026-08-10-865/-866)
599,CHAIN_RETAIL,BASE,5000,N_TERCIHSIZ_VEYA_DOC_FAIL,70,167.2035,3.0323,3.5044,STRUCTURAL_CEILING / MODEL_DERIVED / UPPER_BOUND — SUPPLIER TARGET DEGILDIR,DRAFT_UPPER_BOUND_BLOCKED_INPUT,80-model/outputs/country-buying-ceilings.csv + makro.yaml fx (EV-2026-08-10-865/-866)
599,CHAIN_RETAIL,BASE,25000,P_TERCIHLI_DOC_OK,50,207.1801,3.7573,4.3423,STRUCTURAL_CEILING / MODEL_DERIVED / UPPER_BOUND — SUPPLIER TARGET DEGILDIR,DRAFT_UPPER_BOUND_BLOCKED_INPUT,80-model/outputs/country-buying-ceilings.csv + makro.yaml fx (EV-2026-08-10-865/-866)
599,CHAIN_RETAIL,BASE,25000,N_TERCIHSIZ_VEYA_DOC_FAIL,70,182.8059,3.3152,3.8315,STRUCTURAL_CEILING / MODEL_DERIVED / UPPER_BOUND — SUPPLIER TARGET DEGILDIR,DRAFT_UPPER_BOUND_BLOCKED_INPUT,80-model/outputs/country-buying-ceilings.csv + makro.yaml fx (EV-2026-08-10-865/-866)
599,CHAIN_RETAIL,BASE,50000,P_TERCIHLI_DOC_OK,50,207.9442,3.7711,4.3583,STRUCTURAL_CEILING / MODEL_DERIVED / UPPER_BOUND — SUPPLIER TARGET DEGILDIR,DRAFT_UPPER_BOUND_BLOCKED_INPUT,80-model/outputs/country-buying-ceilings.csv + makro.yaml fx (EV-2026-08-10-865/-866)
599,CHAIN_RETAIL,BASE,50000,N_TERCIHSIZ_VEYA_DOC_FAIL,70,183.4801,3.3274,3.8456,STRUCTURAL_CEILING / MODEL_DERIVED / UPPER_BOUND — SUPPLIER TARGET DEGILDIR,DRAFT_UPPER_BOUND_BLOCKED_INPUT,80-model/outputs/country-buying-ceilings.csv + makro.yaml fx (EV-2026-08-10-865/-866)
599,CHAIN_RETAIL,BASE,100000,P_TERCIHLI_DOC_OK,50,209.7000,3.8030,4.3951,STRUCTURAL_CEILING / MODEL_DERIVED / UPPER_BOUND — SUPPLIER TARGET DEGILDIR,DRAFT_UPPER_BOUND_BLOCKED_INPUT,80-model/outputs/country-buying-ceilings.csv + makro.yaml fx (EV-2026-08-10-865/-866)
599,CHAIN_RETAIL,BASE,100000,N_TERCIHSIZ_VEYA_DOC_FAIL,70,185.0294,3.3555,3.8781,STRUCTURAL_CEILING / MODEL_DERIVED / UPPER_BOUND — SUPPLIER TARGET DEGILDIR,DRAFT_UPPER_BOUND_BLOCKED_INPUT,80-model/outputs/country-buying-ceilings.csv + makro.yaml fx (EV-2026-08-10-865/-866)
599,CHAIN_RETAIL,HIGH,5000,P_TERCIHLI_DOC_OK,50,155.5528,2.8210,3.2603,STRUCTURAL_CEILING / MODEL_DERIVED / UPPER_BOUND — SUPPLIER TARGET DEGILDIR,DRAFT_UPPER_BOUND_BLOCKED_INPUT,80-model/outputs/country-buying-ceilings.csv + makro.yaml fx (EV-2026-08-10-865/-866)
599,CHAIN_RETAIL,HIGH,5000,N_TERCIHSIZ_VEYA_DOC_FAIL,70,137.2525,2.4891,2.8767,STRUCTURAL_CEILING / MODEL_DERIVED / UPPER_BOUND — SUPPLIER TARGET DEGILDIR,DRAFT_UPPER_BOUND_BLOCKED_INPUT,80-model/outputs/country-buying-ceilings.csv + makro.yaml fx (EV-2026-08-10-865/-866)
599,CHAIN_RETAIL,HIGH,25000,P_TERCIHLI_DOC_OK,50,173.2556,3.1420,3.6313,STRUCTURAL_CEILING / MODEL_DERIVED / UPPER_BOUND — SUPPLIER TARGET DEGILDIR,DRAFT_UPPER_BOUND_BLOCKED_INPUT,80-model/outputs/country-buying-ceilings.csv + makro.yaml fx (EV-2026-08-10-865/-866)
599,CHAIN_RETAIL,HIGH,25000,N_TERCIHSIZ_VEYA_DOC_FAIL,70,152.8726,2.7724,3.2041,STRUCTURAL_CEILING / MODEL_DERIVED / UPPER_BOUND — SUPPLIER TARGET DEGILDIR,DRAFT_UPPER_BOUND_BLOCKED_INPUT,80-model/outputs/country-buying-ceilings.csv + makro.yaml fx (EV-2026-08-10-865/-866)
599,CHAIN_RETAIL,HIGH,50000,P_TERCIHLI_DOC_OK,50,174.2330,3.1597,3.6518,STRUCTURAL_CEILING / MODEL_DERIVED / UPPER_BOUND — SUPPLIER TARGET DEGILDIR,DRAFT_UPPER_BOUND_BLOCKED_INPUT,80-model/outputs/country-buying-ceilings.csv + makro.yaml fx (EV-2026-08-10-865/-866)
599,CHAIN_RETAIL,HIGH,50000,N_TERCIHSIZ_VEYA_DOC_FAIL,70,153.7350,2.7880,3.2222,STRUCTURAL_CEILING / MODEL_DERIVED / UPPER_BOUND — SUPPLIER TARGET DEGILDIR,DRAFT_UPPER_BOUND_BLOCKED_INPUT,80-model/outputs/country-buying-ceilings.csv + makro.yaml fx (EV-2026-08-10-865/-866)
599,CHAIN_RETAIL,HIGH,100000,P_TERCIHLI_DOC_OK,50,176.0889,3.1934,3.6907,STRUCTURAL_CEILING / MODEL_DERIVED / UPPER_BOUND — SUPPLIER TARGET DEGILDIR,DRAFT_UPPER_BOUND_BLOCKED_INPUT,80-model/outputs/country-buying-ceilings.csv + makro.yaml fx (EV-2026-08-10-865/-866)
599,CHAIN_RETAIL,HIGH,100000,N_TERCIHSIZ_VEYA_DOC_FAIL,70,155.3725,2.8177,3.2565,STRUCTURAL_CEILING / MODEL_DERIVED / UPPER_BOUND — SUPPLIER TARGET DEGILDIR,DRAFT_UPPER_BOUND_BLOCKED_INPUT,80-model/outputs/country-buying-ceilings.csv + makro.yaml fx (EV-2026-08-10-865/-866)
699,CHAIN_RETAIL,LOW,5000,P_TERCIHLI_DOC_OK,50,259.2739,4.7020,5.4342,STRUCTURAL_CEILING / MODEL_DERIVED / UPPER_BOUND — SUPPLIER TARGET DEGILDIR,DRAFT_UPPER_BOUND_BLOCKED_INPUT,80-model/outputs/country-buying-ceilings.csv + makro.yaml fx (EV-2026-08-10-865/-866)
699,CHAIN_RETAIL,LOW,5000,N_TERCIHSIZ_VEYA_DOC_FAIL,70,228.7711,4.1488,4.7949,STRUCTURAL_CEILING / MODEL_DERIVED / UPPER_BOUND — SUPPLIER TARGET DEGILDIR,DRAFT_UPPER_BOUND_BLOCKED_INPUT,80-model/outputs/country-buying-ceilings.csv + makro.yaml fx (EV-2026-08-10-865/-866)
699,CHAIN_RETAIL,LOW,25000,P_TERCIHLI_DOC_OK,50,276.4034,5.0126,5.7932,STRUCTURAL_CEILING / MODEL_DERIVED / UPPER_BOUND — SUPPLIER TARGET DEGILDIR,DRAFT_UPPER_BOUND_BLOCKED_INPUT,80-model/outputs/country-buying-ceilings.csv + makro.yaml fx (EV-2026-08-10-865/-866)
699,CHAIN_RETAIL,LOW,25000,N_TERCIHSIZ_VEYA_DOC_FAIL,70,243.8854,4.4229,5.1116,STRUCTURAL_CEILING / MODEL_DERIVED / UPPER_BOUND — SUPPLIER TARGET DEGILDIR,DRAFT_UPPER_BOUND_BLOCKED_INPUT,80-model/outputs/country-buying-ceilings.csv + makro.yaml fx (EV-2026-08-10-865/-866)
699,CHAIN_RETAIL,LOW,50000,P_TERCIHLI_DOC_OK,50,277.1342,5.0259,5.8085,STRUCTURAL_CEILING / MODEL_DERIVED / UPPER_BOUND — SUPPLIER TARGET DEGILDIR,DRAFT_UPPER_BOUND_BLOCKED_INPUT,80-model/outputs/country-buying-ceilings.csv + makro.yaml fx (EV-2026-08-10-865/-866)
699,CHAIN_RETAIL,LOW,50000,N_TERCIHSIZ_VEYA_DOC_FAIL,70,244.5301,4.4346,5.1251,STRUCTURAL_CEILING / MODEL_DERIVED / UPPER_BOUND — SUPPLIER TARGET DEGILDIR,DRAFT_UPPER_BOUND_BLOCKED_INPUT,80-model/outputs/country-buying-ceilings.csv + makro.yaml fx (EV-2026-08-10-865/-866)
699,CHAIN_RETAIL,LOW,100000,P_TERCIHLI_DOC_OK,50,278.8700,5.0574,5.8449,STRUCTURAL_CEILING / MODEL_DERIVED / UPPER_BOUND — SUPPLIER TARGET DEGILDIR,DRAFT_UPPER_BOUND_BLOCKED_INPUT,80-model/outputs/country-buying-ceilings.csv + makro.yaml fx (EV-2026-08-10-865/-866)
699,CHAIN_RETAIL,LOW,100000,N_TERCIHSIZ_VEYA_DOC_FAIL,70,246.0617,4.4624,5.1573,STRUCTURAL_CEILING / MODEL_DERIVED / UPPER_BOUND — SUPPLIER TARGET DEGILDIR,DRAFT_UPPER_BOUND_BLOCKED_INPUT,80-model/outputs/country-buying-ceilings.csv + makro.yaml fx (EV-2026-08-10-865/-866)
699,CHAIN_RETAIL,BASE,5000,P_TERCIHLI_DOC_OK,50,231.1639,4.1922,4.8450,STRUCTURAL_CEILING / MODEL_DERIVED / UPPER_BOUND — SUPPLIER TARGET DEGILDIR,DRAFT_UPPER_BOUND_BLOCKED_INPUT,80-model/outputs/country-buying-ceilings.csv + makro.yaml fx (EV-2026-08-10-865/-866)
699,CHAIN_RETAIL,BASE,5000,N_TERCIHSIZ_VEYA_DOC_FAIL,70,203.9682,3.6990,4.2750,STRUCTURAL_CEILING / MODEL_DERIVED / UPPER_BOUND — SUPPLIER TARGET DEGILDIR,DRAFT_UPPER_BOUND_BLOCKED_INPUT,80-model/outputs/country-buying-ceilings.csv + makro.yaml fx (EV-2026-08-10-865/-866)
699,CHAIN_RETAIL,BASE,25000,P_TERCIHLI_DOC_OK,50,248.8467,4.5129,5.2156,STRUCTURAL_CEILING / MODEL_DERIVED / UPPER_BOUND — SUPPLIER TARGET DEGILDIR,DRAFT_UPPER_BOUND_BLOCKED_INPUT,80-model/outputs/country-buying-ceilings.csv + makro.yaml fx (EV-2026-08-10-865/-866)
699,CHAIN_RETAIL,BASE,25000,N_TERCIHSIZ_VEYA_DOC_FAIL,70,219.5707,3.9820,4.6020,STRUCTURAL_CEILING / MODEL_DERIVED / UPPER_BOUND — SUPPLIER TARGET DEGILDIR,DRAFT_UPPER_BOUND_BLOCKED_INPUT,80-model/outputs/country-buying-ceilings.csv + makro.yaml fx (EV-2026-08-10-865/-866)
699,CHAIN_RETAIL,BASE,50000,P_TERCIHLI_DOC_OK,50,249.6108,4.5267,5.2316,STRUCTURAL_CEILING / MODEL_DERIVED / UPPER_BOUND — SUPPLIER TARGET DEGILDIR,DRAFT_UPPER_BOUND_BLOCKED_INPUT,80-model/outputs/country-buying-ceilings.csv + makro.yaml fx (EV-2026-08-10-865/-866)
699,CHAIN_RETAIL,BASE,50000,N_TERCIHSIZ_VEYA_DOC_FAIL,70,220.2448,3.9942,4.6161,STRUCTURAL_CEILING / MODEL_DERIVED / UPPER_BOUND — SUPPLIER TARGET DEGILDIR,DRAFT_UPPER_BOUND_BLOCKED_INPUT,80-model/outputs/country-buying-ceilings.csv + makro.yaml fx (EV-2026-08-10-865/-866)
699,CHAIN_RETAIL,BASE,100000,P_TERCIHLI_DOC_OK,50,251.3666,4.5586,5.2684,STRUCTURAL_CEILING / MODEL_DERIVED / UPPER_BOUND — SUPPLIER TARGET DEGILDIR,DRAFT_UPPER_BOUND_BLOCKED_INPUT,80-model/outputs/country-buying-ceilings.csv + makro.yaml fx (EV-2026-08-10-865/-866)
699,CHAIN_RETAIL,BASE,100000,N_TERCIHSIZ_VEYA_DOC_FAIL,70,221.7941,4.0223,4.6486,STRUCTURAL_CEILING / MODEL_DERIVED / UPPER_BOUND — SUPPLIER TARGET DEGILDIR,DRAFT_UPPER_BOUND_BLOCKED_INPUT,80-model/outputs/country-buying-ceilings.csv + makro.yaml fx (EV-2026-08-10-865/-866)
699,CHAIN_RETAIL,HIGH,5000,P_TERCIHLI_DOC_OK,50,191.6639,3.4759,4.0171,STRUCTURAL_CEILING / MODEL_DERIVED / UPPER_BOUND — SUPPLIER TARGET DEGILDIR,DRAFT_UPPER_BOUND_BLOCKED_INPUT,80-model/outputs/country-buying-ceilings.csv + makro.yaml fx (EV-2026-08-10-865/-866)
699,CHAIN_RETAIL,HIGH,5000,N_TERCIHSIZ_VEYA_DOC_FAIL,70,169.1152,3.0669,3.5445,STRUCTURAL_CEILING / MODEL_DERIVED / UPPER_BOUND — SUPPLIER TARGET DEGILDIR,DRAFT_UPPER_BOUND_BLOCKED_INPUT,80-model/outputs/country-buying-ceilings.csv + makro.yaml fx (EV-2026-08-10-865/-866)
699,CHAIN_RETAIL,HIGH,25000,P_TERCIHLI_DOC_OK,50,209.3667,3.7969,4.3882,STRUCTURAL_CEILING / MODEL_DERIVED / UPPER_BOUND — SUPPLIER TARGET DEGILDIR,DRAFT_UPPER_BOUND_BLOCKED_INPUT,80-model/outputs/country-buying-ceilings.csv + makro.yaml fx (EV-2026-08-10-865/-866)
699,CHAIN_RETAIL,HIGH,25000,N_TERCIHSIZ_VEYA_DOC_FAIL,70,184.7354,3.3502,3.8719,STRUCTURAL_CEILING / MODEL_DERIVED / UPPER_BOUND — SUPPLIER TARGET DEGILDIR,DRAFT_UPPER_BOUND_BLOCKED_INPUT,80-model/outputs/country-buying-ceilings.csv + makro.yaml fx (EV-2026-08-10-865/-866)
699,CHAIN_RETAIL,HIGH,50000,P_TERCIHLI_DOC_OK,50,210.3442,3.8146,4.4086,STRUCTURAL_CEILING / MODEL_DERIVED / UPPER_BOUND — SUPPLIER TARGET DEGILDIR,DRAFT_UPPER_BOUND_BLOCKED_INPUT,80-model/outputs/country-buying-ceilings.csv + makro.yaml fx (EV-2026-08-10-865/-866)
699,CHAIN_RETAIL,HIGH,50000,N_TERCIHSIZ_VEYA_DOC_FAIL,70,185.5978,3.3659,3.8900,STRUCTURAL_CEILING / MODEL_DERIVED / UPPER_BOUND — SUPPLIER TARGET DEGILDIR,DRAFT_UPPER_BOUND_BLOCKED_INPUT,80-model/outputs/country-buying-ceilings.csv + makro.yaml fx (EV-2026-08-10-865/-866)
699,CHAIN_RETAIL,HIGH,100000,P_TERCIHLI_DOC_OK,50,212.2000,3.8483,4.4475,STRUCTURAL_CEILING / MODEL_DERIVED / UPPER_BOUND — SUPPLIER TARGET DEGILDIR,DRAFT_UPPER_BOUND_BLOCKED_INPUT,80-model/outputs/country-buying-ceilings.csv + makro.yaml fx (EV-2026-08-10-865/-866)
699,CHAIN_RETAIL,HIGH,100000,N_TERCIHSIZ_VEYA_DOC_FAIL,70,187.2353,3.3955,3.9243,STRUCTURAL_CEILING / MODEL_DERIVED / UPPER_BOUND — SUPPLIER TARGET DEGILDIR,DRAFT_UPPER_BOUND_BLOCKED_INPUT,80-model/outputs/country-buying-ceilings.csv + makro.yaml fx (EV-2026-08-10-865/-866)
799,CHAIN_RETAIL,LOW,5000,P_TERCIHLI_DOC_OK,50,304.8295,5.5281,6.3890,STRUCTURAL_CEILING / MODEL_DERIVED / UPPER_BOUND — SUPPLIER TARGET DEGILDIR,DRAFT_UPPER_BOUND_BLOCKED_INPUT,80-model/outputs/country-buying-ceilings.csv + makro.yaml fx (EV-2026-08-10-865/-866)
799,CHAIN_RETAIL,LOW,5000,N_TERCIHSIZ_VEYA_DOC_FAIL,70,268.9672,4.8778,5.6373,STRUCTURAL_CEILING / MODEL_DERIVED / UPPER_BOUND — SUPPLIER TARGET DEGILDIR,DRAFT_UPPER_BOUND_BLOCKED_INPUT,80-model/outputs/country-buying-ceilings.csv + makro.yaml fx (EV-2026-08-10-865/-866)
799,CHAIN_RETAIL,LOW,25000,P_TERCIHLI_DOC_OK,50,321.9590,5.8388,6.7480,STRUCTURAL_CEILING / MODEL_DERIVED / UPPER_BOUND — SUPPLIER TARGET DEGILDIR,DRAFT_UPPER_BOUND_BLOCKED_INPUT,80-model/outputs/country-buying-ceilings.csv + makro.yaml fx (EV-2026-08-10-865/-866)
799,CHAIN_RETAIL,LOW,25000,N_TERCIHSIZ_VEYA_DOC_FAIL,70,284.0814,5.1519,5.9541,STRUCTURAL_CEILING / MODEL_DERIVED / UPPER_BOUND — SUPPLIER TARGET DEGILDIR,DRAFT_UPPER_BOUND_BLOCKED_INPUT,80-model/outputs/country-buying-ceilings.csv + makro.yaml fx (EV-2026-08-10-865/-866)
799,CHAIN_RETAIL,LOW,50000,P_TERCIHLI_DOC_OK,50,322.6897,5.8520,6.7633,STRUCTURAL_CEILING / MODEL_DERIVED / UPPER_BOUND — SUPPLIER TARGET DEGILDIR,DRAFT_UPPER_BOUND_BLOCKED_INPUT,80-model/outputs/country-buying-ceilings.csv + makro.yaml fx (EV-2026-08-10-865/-866)
799,CHAIN_RETAIL,LOW,50000,N_TERCIHSIZ_VEYA_DOC_FAIL,70,284.7262,5.1636,5.9676,STRUCTURAL_CEILING / MODEL_DERIVED / UPPER_BOUND — SUPPLIER TARGET DEGILDIR,DRAFT_UPPER_BOUND_BLOCKED_INPUT,80-model/outputs/country-buying-ceilings.csv + makro.yaml fx (EV-2026-08-10-865/-866)
799,CHAIN_RETAIL,LOW,100000,P_TERCIHLI_DOC_OK,50,324.4255,5.8835,6.7997,STRUCTURAL_CEILING / MODEL_DERIVED / UPPER_BOUND — SUPPLIER TARGET DEGILDIR,DRAFT_UPPER_BOUND_BLOCKED_INPUT,80-model/outputs/country-buying-ceilings.csv + makro.yaml fx (EV-2026-08-10-865/-866)
799,CHAIN_RETAIL,LOW,100000,N_TERCIHSIZ_VEYA_DOC_FAIL,70,286.2578,5.1913,5.9997,STRUCTURAL_CEILING / MODEL_DERIVED / UPPER_BOUND — SUPPLIER TARGET DEGILDIR,DRAFT_UPPER_BOUND_BLOCKED_INPUT,80-model/outputs/country-buying-ceilings.csv + makro.yaml fx (EV-2026-08-10-865/-866)
799,CHAIN_RETAIL,BASE,5000,P_TERCIHLI_DOC_OK,50,272.8306,4.9478,5.7183,STRUCTURAL_CEILING / MODEL_DERIVED / UPPER_BOUND — SUPPLIER TARGET DEGILDIR,DRAFT_UPPER_BOUND_BLOCKED_INPUT,80-model/outputs/country-buying-ceilings.csv + makro.yaml fx (EV-2026-08-10-865/-866)
799,CHAIN_RETAIL,BASE,5000,N_TERCIHSIZ_VEYA_DOC_FAIL,70,240.7329,4.3657,5.0456,STRUCTURAL_CEILING / MODEL_DERIVED / UPPER_BOUND — SUPPLIER TARGET DEGILDIR,DRAFT_UPPER_BOUND_BLOCKED_INPUT,80-model/outputs/country-buying-ceilings.csv + makro.yaml fx (EV-2026-08-10-865/-866)
799,CHAIN_RETAIL,BASE,25000,P_TERCIHLI_DOC_OK,50,290.5134,5.2685,6.0889,STRUCTURAL_CEILING / MODEL_DERIVED / UPPER_BOUND — SUPPLIER TARGET DEGILDIR,DRAFT_UPPER_BOUND_BLOCKED_INPUT,80-model/outputs/country-buying-ceilings.csv + makro.yaml fx (EV-2026-08-10-865/-866)
799,CHAIN_RETAIL,BASE,25000,N_TERCIHSIZ_VEYA_DOC_FAIL,70,256.3354,4.6487,5.3726,STRUCTURAL_CEILING / MODEL_DERIVED / UPPER_BOUND — SUPPLIER TARGET DEGILDIR,DRAFT_UPPER_BOUND_BLOCKED_INPUT,80-model/outputs/country-buying-ceilings.csv + makro.yaml fx (EV-2026-08-10-865/-866)
799,CHAIN_RETAIL,BASE,50000,P_TERCIHLI_DOC_OK,50,291.2775,5.2824,6.1049,STRUCTURAL_CEILING / MODEL_DERIVED / UPPER_BOUND — SUPPLIER TARGET DEGILDIR,DRAFT_UPPER_BOUND_BLOCKED_INPUT,80-model/outputs/country-buying-ceilings.csv + makro.yaml fx (EV-2026-08-10-865/-866)
799,CHAIN_RETAIL,BASE,50000,N_TERCIHSIZ_VEYA_DOC_FAIL,70,257.0095,4.6609,5.3867,STRUCTURAL_CEILING / MODEL_DERIVED / UPPER_BOUND — SUPPLIER TARGET DEGILDIR,DRAFT_UPPER_BOUND_BLOCKED_INPUT,80-model/outputs/country-buying-ceilings.csv + makro.yaml fx (EV-2026-08-10-865/-866)
799,CHAIN_RETAIL,BASE,100000,P_TERCIHLI_DOC_OK,50,293.0333,5.3142,6.1417,STRUCTURAL_CEILING / MODEL_DERIVED / UPPER_BOUND — SUPPLIER TARGET DEGILDIR,DRAFT_UPPER_BOUND_BLOCKED_INPUT,80-model/outputs/country-buying-ceilings.csv + makro.yaml fx (EV-2026-08-10-865/-866)
799,CHAIN_RETAIL,BASE,100000,N_TERCIHSIZ_VEYA_DOC_FAIL,70,258.5588,4.6890,5.4192,STRUCTURAL_CEILING / MODEL_DERIVED / UPPER_BOUND — SUPPLIER TARGET DEGILDIR,DRAFT_UPPER_BOUND_BLOCKED_INPUT,80-model/outputs/country-buying-ceilings.csv + makro.yaml fx (EV-2026-08-10-865/-866)
799,CHAIN_RETAIL,HIGH,5000,P_TERCIHLI_DOC_OK,50,227.7750,4.1307,4.7740,STRUCTURAL_CEILING / MODEL_DERIVED / UPPER_BOUND — SUPPLIER TARGET DEGILDIR,DRAFT_UPPER_BOUND_BLOCKED_INPUT,80-model/outputs/country-buying-ceilings.csv + makro.yaml fx (EV-2026-08-10-865/-866)
799,CHAIN_RETAIL,HIGH,5000,N_TERCIHSIZ_VEYA_DOC_FAIL,70,200.9780,3.6448,4.2123,STRUCTURAL_CEILING / MODEL_DERIVED / UPPER_BOUND — SUPPLIER TARGET DEGILDIR,DRAFT_UPPER_BOUND_BLOCKED_INPUT,80-model/outputs/country-buying-ceilings.csv + makro.yaml fx (EV-2026-08-10-865/-866)
799,CHAIN_RETAIL,HIGH,25000,P_TERCIHLI_DOC_OK,50,245.4779,4.4518,5.1450,STRUCTURAL_CEILING / MODEL_DERIVED / UPPER_BOUND — SUPPLIER TARGET DEGILDIR,DRAFT_UPPER_BOUND_BLOCKED_INPUT,80-model/outputs/country-buying-ceilings.csv + makro.yaml fx (EV-2026-08-10-865/-866)
799,CHAIN_RETAIL,HIGH,25000,N_TERCIHSIZ_VEYA_DOC_FAIL,70,216.5981,3.9280,4.5397,STRUCTURAL_CEILING / MODEL_DERIVED / UPPER_BOUND — SUPPLIER TARGET DEGILDIR,DRAFT_UPPER_BOUND_BLOCKED_INPUT,80-model/outputs/country-buying-ceilings.csv + makro.yaml fx (EV-2026-08-10-865/-866)
799,CHAIN_RETAIL,HIGH,50000,P_TERCIHLI_DOC_OK,50,246.4553,4.4695,5.1655,STRUCTURAL_CEILING / MODEL_DERIVED / UPPER_BOUND — SUPPLIER TARGET DEGILDIR,DRAFT_UPPER_BOUND_BLOCKED_INPUT,80-model/outputs/country-buying-ceilings.csv + makro.yaml fx (EV-2026-08-10-865/-866)
799,CHAIN_RETAIL,HIGH,50000,N_TERCIHSIZ_VEYA_DOC_FAIL,70,217.4605,3.9437,4.5578,STRUCTURAL_CEILING / MODEL_DERIVED / UPPER_BOUND — SUPPLIER TARGET DEGILDIR,DRAFT_UPPER_BOUND_BLOCKED_INPUT,80-model/outputs/country-buying-ceilings.csv + makro.yaml fx (EV-2026-08-10-865/-866)
799,CHAIN_RETAIL,HIGH,100000,P_TERCIHLI_DOC_OK,50,248.3111,4.5032,5.2044,STRUCTURAL_CEILING / MODEL_DERIVED / UPPER_BOUND — SUPPLIER TARGET DEGILDIR,DRAFT_UPPER_BOUND_BLOCKED_INPUT,80-model/outputs/country-buying-ceilings.csv + makro.yaml fx (EV-2026-08-10-865/-866)
799,CHAIN_RETAIL,HIGH,100000,N_TERCIHSIZ_VEYA_DOC_FAIL,70,219.0980,3.9734,4.5921,STRUCTURAL_CEILING / MODEL_DERIVED / UPPER_BOUND — SUPPLIER TARGET DEGILDIR,DRAFT_UPPER_BOUND_BLOCKED_INPUT,80-model/outputs/country-buying-ceilings.csv + makro.yaml fx (EV-2026-08-10-865/-866)
899,CHAIN_RETAIL,LOW,5000,P_TERCIHLI_DOC_OK,50,350.3850,6.3543,7.3438,STRUCTURAL_CEILING / MODEL_DERIVED / UPPER_BOUND — SUPPLIER TARGET DEGILDIR,DRAFT_UPPER_BOUND_BLOCKED_INPUT,80-model/outputs/country-buying-ceilings.csv + makro.yaml fx (EV-2026-08-10-865/-866)
899,CHAIN_RETAIL,LOW,5000,N_TERCIHSIZ_VEYA_DOC_FAIL,70,309.1633,5.6067,6.4798,STRUCTURAL_CEILING / MODEL_DERIVED / UPPER_BOUND — SUPPLIER TARGET DEGILDIR,DRAFT_UPPER_BOUND_BLOCKED_INPUT,80-model/outputs/country-buying-ceilings.csv + makro.yaml fx (EV-2026-08-10-865/-866)
899,CHAIN_RETAIL,LOW,25000,P_TERCIHLI_DOC_OK,50,367.5145,6.6649,7.7028,STRUCTURAL_CEILING / MODEL_DERIVED / UPPER_BOUND — SUPPLIER TARGET DEGILDIR,DRAFT_UPPER_BOUND_BLOCKED_INPUT,80-model/outputs/country-buying-ceilings.csv + makro.yaml fx (EV-2026-08-10-865/-866)
899,CHAIN_RETAIL,LOW,25000,N_TERCIHSIZ_VEYA_DOC_FAIL,70,324.2775,5.8808,6.7966,STRUCTURAL_CEILING / MODEL_DERIVED / UPPER_BOUND — SUPPLIER TARGET DEGILDIR,DRAFT_UPPER_BOUND_BLOCKED_INPUT,80-model/outputs/country-buying-ceilings.csv + makro.yaml fx (EV-2026-08-10-865/-866)
899,CHAIN_RETAIL,LOW,50000,P_TERCIHLI_DOC_OK,50,368.2453,6.6782,7.7181,STRUCTURAL_CEILING / MODEL_DERIVED / UPPER_BOUND — SUPPLIER TARGET DEGILDIR,DRAFT_UPPER_BOUND_BLOCKED_INPUT,80-model/outputs/country-buying-ceilings.csv + makro.yaml fx (EV-2026-08-10-865/-866)
899,CHAIN_RETAIL,LOW,50000,N_TERCIHSIZ_VEYA_DOC_FAIL,70,324.9223,5.8925,6.8101,STRUCTURAL_CEILING / MODEL_DERIVED / UPPER_BOUND — SUPPLIER TARGET DEGILDIR,DRAFT_UPPER_BOUND_BLOCKED_INPUT,80-model/outputs/country-buying-ceilings.csv + makro.yaml fx (EV-2026-08-10-865/-866)
899,CHAIN_RETAIL,LOW,100000,P_TERCIHLI_DOC_OK,50,369.9811,6.7097,7.7545,STRUCTURAL_CEILING / MODEL_DERIVED / UPPER_BOUND — SUPPLIER TARGET DEGILDIR,DRAFT_UPPER_BOUND_BLOCKED_INPUT,80-model/outputs/country-buying-ceilings.csv + makro.yaml fx (EV-2026-08-10-865/-866)
899,CHAIN_RETAIL,LOW,100000,N_TERCIHSIZ_VEYA_DOC_FAIL,70,326.4539,5.9203,6.8422,STRUCTURAL_CEILING / MODEL_DERIVED / UPPER_BOUND — SUPPLIER TARGET DEGILDIR,DRAFT_UPPER_BOUND_BLOCKED_INPUT,80-model/outputs/country-buying-ceilings.csv + makro.yaml fx (EV-2026-08-10-865/-866)
899,CHAIN_RETAIL,BASE,5000,P_TERCIHLI_DOC_OK,50,314.4972,5.7035,6.5916,STRUCTURAL_CEILING / MODEL_DERIVED / UPPER_BOUND — SUPPLIER TARGET DEGILDIR,DRAFT_UPPER_BOUND_BLOCKED_INPUT,80-model/outputs/country-buying-ceilings.csv + makro.yaml fx (EV-2026-08-10-865/-866)
899,CHAIN_RETAIL,BASE,5000,N_TERCIHSIZ_VEYA_DOC_FAIL,70,277.4976,5.0325,5.8161,STRUCTURAL_CEILING / MODEL_DERIVED / UPPER_BOUND — SUPPLIER TARGET DEGILDIR,DRAFT_UPPER_BOUND_BLOCKED_INPUT,80-model/outputs/country-buying-ceilings.csv + makro.yaml fx (EV-2026-08-10-865/-866)
899,CHAIN_RETAIL,BASE,25000,P_TERCIHLI_DOC_OK,50,332.1801,6.0242,6.9622,STRUCTURAL_CEILING / MODEL_DERIVED / UPPER_BOUND — SUPPLIER TARGET DEGILDIR,DRAFT_UPPER_BOUND_BLOCKED_INPUT,80-model/outputs/country-buying-ceilings.csv + makro.yaml fx (EV-2026-08-10-865/-866)
899,CHAIN_RETAIL,BASE,25000,N_TERCIHSIZ_VEYA_DOC_FAIL,70,293.1001,5.3154,6.1431,STRUCTURAL_CEILING / MODEL_DERIVED / UPPER_BOUND — SUPPLIER TARGET DEGILDIR,DRAFT_UPPER_BOUND_BLOCKED_INPUT,80-model/outputs/country-buying-ceilings.csv + makro.yaml fx (EV-2026-08-10-865/-866)
899,CHAIN_RETAIL,BASE,50000,P_TERCIHLI_DOC_OK,50,332.9442,6.0380,6.9782,STRUCTURAL_CEILING / MODEL_DERIVED / UPPER_BOUND — SUPPLIER TARGET DEGILDIR,DRAFT_UPPER_BOUND_BLOCKED_INPUT,80-model/outputs/country-buying-ceilings.csv + makro.yaml fx (EV-2026-08-10-865/-866)
899,CHAIN_RETAIL,BASE,50000,N_TERCIHSIZ_VEYA_DOC_FAIL,70,293.7743,5.3277,6.1573,STRUCTURAL_CEILING / MODEL_DERIVED / UPPER_BOUND — SUPPLIER TARGET DEGILDIR,DRAFT_UPPER_BOUND_BLOCKED_INPUT,80-model/outputs/country-buying-ceilings.csv + makro.yaml fx (EV-2026-08-10-865/-866)
899,CHAIN_RETAIL,BASE,100000,P_TERCIHLI_DOC_OK,50,334.7000,6.0698,7.0150,STRUCTURAL_CEILING / MODEL_DERIVED / UPPER_BOUND — SUPPLIER TARGET DEGILDIR,DRAFT_UPPER_BOUND_BLOCKED_INPUT,80-model/outputs/country-buying-ceilings.csv + makro.yaml fx (EV-2026-08-10-865/-866)
899,CHAIN_RETAIL,BASE,100000,N_TERCIHSIZ_VEYA_DOC_FAIL,70,295.3235,5.3557,6.1897,STRUCTURAL_CEILING / MODEL_DERIVED / UPPER_BOUND — SUPPLIER TARGET DEGILDIR,DRAFT_UPPER_BOUND_BLOCKED_INPUT,80-model/outputs/country-buying-ceilings.csv + makro.yaml fx (EV-2026-08-10-865/-866)
899,CHAIN_RETAIL,HIGH,5000,P_TERCIHLI_DOC_OK,50,263.8861,4.7856,5.5308,STRUCTURAL_CEILING / MODEL_DERIVED / UPPER_BOUND — SUPPLIER TARGET DEGILDIR,DRAFT_UPPER_BOUND_BLOCKED_INPUT,80-model/outputs/country-buying-ceilings.csv + makro.yaml fx (EV-2026-08-10-865/-866)
899,CHAIN_RETAIL,HIGH,5000,N_TERCIHSIZ_VEYA_DOC_FAIL,70,232.8407,4.2226,4.8801,STRUCTURAL_CEILING / MODEL_DERIVED / UPPER_BOUND — SUPPLIER TARGET DEGILDIR,DRAFT_UPPER_BOUND_BLOCKED_INPUT,80-model/outputs/country-buying-ceilings.csv + makro.yaml fx (EV-2026-08-10-865/-866)
899,CHAIN_RETAIL,HIGH,25000,P_TERCIHLI_DOC_OK,50,281.5890,5.1067,5.9019,STRUCTURAL_CEILING / MODEL_DERIVED / UPPER_BOUND — SUPPLIER TARGET DEGILDIR,DRAFT_UPPER_BOUND_BLOCKED_INPUT,80-model/outputs/country-buying-ceilings.csv + makro.yaml fx (EV-2026-08-10-865/-866)
899,CHAIN_RETAIL,HIGH,25000,N_TERCIHSIZ_VEYA_DOC_FAIL,70,248.4608,4.5059,5.2075,STRUCTURAL_CEILING / MODEL_DERIVED / UPPER_BOUND — SUPPLIER TARGET DEGILDIR,DRAFT_UPPER_BOUND_BLOCKED_INPUT,80-model/outputs/country-buying-ceilings.csv + makro.yaml fx (EV-2026-08-10-865/-866)
899,CHAIN_RETAIL,HIGH,50000,P_TERCIHLI_DOC_OK,50,282.5664,5.1244,5.9224,STRUCTURAL_CEILING / MODEL_DERIVED / UPPER_BOUND — SUPPLIER TARGET DEGILDIR,DRAFT_UPPER_BOUND_BLOCKED_INPUT,80-model/outputs/country-buying-ceilings.csv + makro.yaml fx (EV-2026-08-10-865/-866)
899,CHAIN_RETAIL,HIGH,50000,N_TERCIHSIZ_VEYA_DOC_FAIL,70,249.3233,4.5215,5.2256,STRUCTURAL_CEILING / MODEL_DERIVED / UPPER_BOUND — SUPPLIER TARGET DEGILDIR,DRAFT_UPPER_BOUND_BLOCKED_INPUT,80-model/outputs/country-buying-ceilings.csv + makro.yaml fx (EV-2026-08-10-865/-866)
899,CHAIN_RETAIL,HIGH,100000,P_TERCIHLI_DOC_OK,50,284.4222,5.1581,5.9613,STRUCTURAL_CEILING / MODEL_DERIVED / UPPER_BOUND — SUPPLIER TARGET DEGILDIR,DRAFT_UPPER_BOUND_BLOCKED_INPUT,80-model/outputs/country-buying-ceilings.csv + makro.yaml fx (EV-2026-08-10-865/-866)
899,CHAIN_RETAIL,HIGH,100000,N_TERCIHSIZ_VEYA_DOC_FAIL,70,250.9608,4.5512,5.2599,STRUCTURAL_CEILING / MODEL_DERIVED / UPPER_BOUND — SUPPLIER TARGET DEGILDIR,DRAFT_UPPER_BOUND_BLOCKED_INPUT,80-model/outputs/country-buying-ceilings.csv + makro.yaml fx (EV-2026-08-10-865/-866)
999,CHAIN_RETAIL,LOW,5000,P_TERCIHLI_DOC_OK,50,395.9406,7.1805,8.2986,STRUCTURAL_CEILING / MODEL_DERIVED / UPPER_BOUND — SUPPLIER TARGET DEGILDIR,DRAFT_UPPER_BOUND_BLOCKED_INPUT,80-model/outputs/country-buying-ceilings.csv + makro.yaml fx (EV-2026-08-10-865/-866)
999,CHAIN_RETAIL,LOW,5000,N_TERCIHSIZ_VEYA_DOC_FAIL,70,349.3593,6.3357,7.3223,STRUCTURAL_CEILING / MODEL_DERIVED / UPPER_BOUND — SUPPLIER TARGET DEGILDIR,DRAFT_UPPER_BOUND_BLOCKED_INPUT,80-model/outputs/country-buying-ceilings.csv + makro.yaml fx (EV-2026-08-10-865/-866)
999,CHAIN_RETAIL,LOW,25000,P_TERCIHLI_DOC_OK,50,413.0701,7.4911,8.6576,STRUCTURAL_CEILING / MODEL_DERIVED / UPPER_BOUND — SUPPLIER TARGET DEGILDIR,DRAFT_UPPER_BOUND_BLOCKED_INPUT,80-model/outputs/country-buying-ceilings.csv + makro.yaml fx (EV-2026-08-10-865/-866)
999,CHAIN_RETAIL,LOW,25000,N_TERCIHSIZ_VEYA_DOC_FAIL,70,364.4736,6.6098,7.6391,STRUCTURAL_CEILING / MODEL_DERIVED / UPPER_BOUND — SUPPLIER TARGET DEGILDIR,DRAFT_UPPER_BOUND_BLOCKED_INPUT,80-model/outputs/country-buying-ceilings.csv + makro.yaml fx (EV-2026-08-10-865/-866)
999,CHAIN_RETAIL,LOW,50000,P_TERCIHLI_DOC_OK,50,413.8008,7.5044,8.6729,STRUCTURAL_CEILING / MODEL_DERIVED / UPPER_BOUND — SUPPLIER TARGET DEGILDIR,DRAFT_UPPER_BOUND_BLOCKED_INPUT,80-model/outputs/country-buying-ceilings.csv + makro.yaml fx (EV-2026-08-10-865/-866)
999,CHAIN_RETAIL,LOW,50000,N_TERCIHSIZ_VEYA_DOC_FAIL,70,365.1184,6.6215,7.6526,STRUCTURAL_CEILING / MODEL_DERIVED / UPPER_BOUND — SUPPLIER TARGET DEGILDIR,DRAFT_UPPER_BOUND_BLOCKED_INPUT,80-model/outputs/country-buying-ceilings.csv + makro.yaml fx (EV-2026-08-10-865/-866)
999,CHAIN_RETAIL,LOW,100000,P_TERCIHLI_DOC_OK,50,415.5366,7.5358,8.7093,STRUCTURAL_CEILING / MODEL_DERIVED / UPPER_BOUND — SUPPLIER TARGET DEGILDIR,DRAFT_UPPER_BOUND_BLOCKED_INPUT,80-model/outputs/country-buying-ceilings.csv + makro.yaml fx (EV-2026-08-10-865/-866)
999,CHAIN_RETAIL,LOW,100000,N_TERCIHSIZ_VEYA_DOC_FAIL,70,366.6500,6.6493,7.6847,STRUCTURAL_CEILING / MODEL_DERIVED / UPPER_BOUND — SUPPLIER TARGET DEGILDIR,DRAFT_UPPER_BOUND_BLOCKED_INPUT,80-model/outputs/country-buying-ceilings.csv + makro.yaml fx (EV-2026-08-10-865/-866)
999,CHAIN_RETAIL,BASE,5000,P_TERCIHLI_DOC_OK,50,356.1639,6.4591,7.4649,STRUCTURAL_CEILING / MODEL_DERIVED / UPPER_BOUND — SUPPLIER TARGET DEGILDIR,DRAFT_UPPER_BOUND_BLOCKED_INPUT,80-model/outputs/country-buying-ceilings.csv + makro.yaml fx (EV-2026-08-10-865/-866)
999,CHAIN_RETAIL,BASE,5000,N_TERCIHSIZ_VEYA_DOC_FAIL,70,314.2623,5.6992,6.5867,STRUCTURAL_CEILING / MODEL_DERIVED / UPPER_BOUND — SUPPLIER TARGET DEGILDIR,DRAFT_UPPER_BOUND_BLOCKED_INPUT,80-model/outputs/country-buying-ceilings.csv + makro.yaml fx (EV-2026-08-10-865/-866)
999,CHAIN_RETAIL,BASE,25000,P_TERCIHLI_DOC_OK,50,373.8467,6.7798,7.8355,STRUCTURAL_CEILING / MODEL_DERIVED / UPPER_BOUND — SUPPLIER TARGET DEGILDIR,DRAFT_UPPER_BOUND_BLOCKED_INPUT,80-model/outputs/country-buying-ceilings.csv + makro.yaml fx (EV-2026-08-10-865/-866)
999,CHAIN_RETAIL,BASE,25000,N_TERCIHSIZ_VEYA_DOC_FAIL,70,329.8648,5.9822,6.9137,STRUCTURAL_CEILING / MODEL_DERIVED / UPPER_BOUND — SUPPLIER TARGET DEGILDIR,DRAFT_UPPER_BOUND_BLOCKED_INPUT,80-model/outputs/country-buying-ceilings.csv + makro.yaml fx (EV-2026-08-10-865/-866)
999,CHAIN_RETAIL,BASE,50000,P_TERCIHLI_DOC_OK,50,374.6108,6.7936,7.8515,STRUCTURAL_CEILING / MODEL_DERIVED / UPPER_BOUND — SUPPLIER TARGET DEGILDIR,DRAFT_UPPER_BOUND_BLOCKED_INPUT,80-model/outputs/country-buying-ceilings.csv + makro.yaml fx (EV-2026-08-10-865/-866)
999,CHAIN_RETAIL,BASE,50000,N_TERCIHSIZ_VEYA_DOC_FAIL,70,330.5390,5.9944,6.9278,STRUCTURAL_CEILING / MODEL_DERIVED / UPPER_BOUND — SUPPLIER TARGET DEGILDIR,DRAFT_UPPER_BOUND_BLOCKED_INPUT,80-model/outputs/country-buying-ceilings.csv + makro.yaml fx (EV-2026-08-10-865/-866)
999,CHAIN_RETAIL,BASE,100000,P_TERCIHLI_DOC_OK,50,376.3666,6.8255,7.8883,STRUCTURAL_CEILING / MODEL_DERIVED / UPPER_BOUND — SUPPLIER TARGET DEGILDIR,DRAFT_UPPER_BOUND_BLOCKED_INPUT,80-model/outputs/country-buying-ceilings.csv + makro.yaml fx (EV-2026-08-10-865/-866)
999,CHAIN_RETAIL,BASE,100000,N_TERCIHSIZ_VEYA_DOC_FAIL,70,332.0882,6.0225,6.9603,STRUCTURAL_CEILING / MODEL_DERIVED / UPPER_BOUND — SUPPLIER TARGET DEGILDIR,DRAFT_UPPER_BOUND_BLOCKED_INPUT,80-model/outputs/country-buying-ceilings.csv + makro.yaml fx (EV-2026-08-10-865/-866)
999,CHAIN_RETAIL,HIGH,5000,P_TERCIHLI_DOC_OK,50,299.9972,5.4405,6.2877,STRUCTURAL_CEILING / MODEL_DERIVED / UPPER_BOUND — SUPPLIER TARGET DEGILDIR,DRAFT_UPPER_BOUND_BLOCKED_INPUT,80-model/outputs/country-buying-ceilings.csv + makro.yaml fx (EV-2026-08-10-865/-866)
999,CHAIN_RETAIL,HIGH,5000,N_TERCIHSIZ_VEYA_DOC_FAIL,70,264.7035,4.8004,5.5480,STRUCTURAL_CEILING / MODEL_DERIVED / UPPER_BOUND — SUPPLIER TARGET DEGILDIR,DRAFT_UPPER_BOUND_BLOCKED_INPUT,80-model/outputs/country-buying-ceilings.csv + makro.yaml fx (EV-2026-08-10-865/-866)
999,CHAIN_RETAIL,HIGH,25000,P_TERCIHLI_DOC_OK,50,317.7001,5.7616,6.6587,STRUCTURAL_CEILING / MODEL_DERIVED / UPPER_BOUND — SUPPLIER TARGET DEGILDIR,DRAFT_UPPER_BOUND_BLOCKED_INPUT,80-model/outputs/country-buying-ceilings.csv + makro.yaml fx (EV-2026-08-10-865/-866)
999,CHAIN_RETAIL,HIGH,25000,N_TERCIHSIZ_VEYA_DOC_FAIL,70,280.3236,5.0837,5.8754,STRUCTURAL_CEILING / MODEL_DERIVED / UPPER_BOUND — SUPPLIER TARGET DEGILDIR,DRAFT_UPPER_BOUND_BLOCKED_INPUT,80-model/outputs/country-buying-ceilings.csv + makro.yaml fx (EV-2026-08-10-865/-866)
999,CHAIN_RETAIL,HIGH,50000,P_TERCIHLI_DOC_OK,50,318.6775,5.7793,6.6792,STRUCTURAL_CEILING / MODEL_DERIVED / UPPER_BOUND — SUPPLIER TARGET DEGILDIR,DRAFT_UPPER_BOUND_BLOCKED_INPUT,80-model/outputs/country-buying-ceilings.csv + makro.yaml fx (EV-2026-08-10-865/-866)
999,CHAIN_RETAIL,HIGH,50000,N_TERCIHSIZ_VEYA_DOC_FAIL,70,281.1860,5.0994,5.8934,STRUCTURAL_CEILING / MODEL_DERIVED / UPPER_BOUND — SUPPLIER TARGET DEGILDIR,DRAFT_UPPER_BOUND_BLOCKED_INPUT,80-model/outputs/country-buying-ceilings.csv + makro.yaml fx (EV-2026-08-10-865/-866)
999,CHAIN_RETAIL,HIGH,100000,P_TERCIHLI_DOC_OK,50,320.5333,5.8129,6.7181,STRUCTURAL_CEILING / MODEL_DERIVED / UPPER_BOUND — SUPPLIER TARGET DEGILDIR,DRAFT_UPPER_BOUND_BLOCKED_INPUT,80-model/outputs/country-buying-ceilings.csv + makro.yaml fx (EV-2026-08-10-865/-866)
999,CHAIN_RETAIL,HIGH,100000,N_TERCIHSIZ_VEYA_DOC_FAIL,70,282.8235,5.1291,5.9277,STRUCTURAL_CEILING / MODEL_DERIVED / UPPER_BOUND — SUPPLIER TARGET DEGILDIR,DRAFT_UPPER_BOUND_BLOCKED_INPUT,80-model/outputs/country-buying-ceilings.csv + makro.yaml fx (EV-2026-08-10-865/-866)
